,Rank_x,Title,Adj. Lifetime Gross,Lifetime Gross,Est. Num Tickets,Year_x,Rank_y,Worldwide Lifetime Gross,Domestic Lifetime Gross, Domestic % ,Foreign Lifetime Gross, Foreign % ,Year_y
0,1.0,Gone With The Wind,"$1,895,421,694 ","$200,882,193 ","202,286,200",1939.0,318.0,402352579.0,200852579.0,0.5,201500000.0,0.5,1939.0
1,2.0,Star Wars Episode Iv  A New Hope,"$1,668,979,715 ","$460,998,507 ","178,119,500",1977.0,102.0,775398007.0,460998507.0,0.59,314399500.0,0.41,1977.0
2,3.0,The Sound Of Music,"$1,335,086,324 ","$159,287,539 ","142,485,200",1965.0,,,,,,,
3,4.0,ET The ExtraTerrestrial,"$1,329,174,791 ","$437,141,279 ","141,854,300",1982.0,,,,,,,
4,5.0,Titanic,"$1,270,101,626 ","$674,292,608 ","135,549,800",1997.0,3.0,2201647264.0,659363944.0,0.3,1542283320.0,0.7,1997.0
5,6.0,The Ten Commandments,"$1,227,470,000 ","$65,500,000 ","131,000,000",1956.0,,,,,,,
6,7.0,Jaws,"$1,200,856,389 ","$265,859,065 ","128,159,700",1975.0,245.0,471411300.0,260758300.0,0.55,210653000.0,0.45,1975.0
7,8.0,Doctor Zhivago,"$1,163,149,635 ","$111,721,910 ","124,135,500",1965.0,,,,,,,
8,9.0,The Exorcist,"$1,036,314,504 ","$233,005,644 ","110,599,200",1973.0,276.0,441306145.0,232906145.0,0.53,208400000.0,0.47,1973.0
9,10.0,Snow White And The Seven Dwarfs,"$1,021,330,000 ","$184,925,486 ","109,000,000",1937.0,922.0,184925486.0,184925486.0,1.0,0.0,0.0,1937.0
10,11.0,Star Wars Episode Vii  The Force Awakens,"$1,013,038,487 ","$936,662,225 ","108,115,100",2015.0,4.0,2069521700.0,936662225.0,0.45,1132859475.0,0.55,2015.0
11,12.0,One Hundred And One Dalmatians,"$936,225,101 ","$144,880,014 ","99,917,300",1961.0,770.0,215880014.0,144880014.0,0.67,71000000.0,0.33,1961.0
12,13.0,Star Wars Episode V  The Empire Strikes Back,"$920,818,947 ","$292,753,960 ","98,273,100",1980.0,200.0,538375067.0,292753960.0,0.54,245621107.0,0.46,1980.0
13,14.0,BenHur,"$918,699,453 ","$74,432,704 ","98,046,900",1959.0,,,,,,,
14,15.0,Avatar,"$911,790,952 ","$785,221,649 ","97,309,600",2009.0,1.0,2847246203.0,760507625.0,0.27,2086738578.0,0.73,2009.0
15,16.0,Avengers Endgame,"$892,669,593 ","$858,373,000 ","95,268,900",2019.0,2.0,2797501328.0,858373000.0,0.31,1939128328.0,0.69,2019.0
16,17.0,Star Wars Episode Vi  Return Of The Jedi,"$881,336,578 ","$309,306,177 ","94,059,400",1983.0,240.0,475106177.0,309306177.0,0.65,165800000.0,0.35,1983.0
17,18.0,Jurassic Park,"$860,163,189 ","$404,214,720 ","91,799,700",1993.0,31.0,1099428303.0,404214720.0,0.37,695213583.0,0.63,1993.0
18,19.0,Star Wars Episode I  The Phantom Menace,"$846,224,377 ","$474,544,677 ","90,312,100",1999.0,,,,,,,
19,20.0,The Lion King,"$835,301,768 ","$422,783,777 ","89,146,400",1994.0,8.0,1662899439.0,543638043.0,0.33,1119261396.0,0.67,2019.0
20,20.0,The Lion King,"$835,301,768 ","$422,783,777 ","89,146,400",1994.0,38.0,1063611805.0,422783777.0,0.4,640828028.0,0.6,1994.0
21,63.0,The Lion King,"$565,223,699 ","$543,638,043 ","60,322,700",2019.0,8.0,1662899439.0,543638043.0,0.33,1119261396.0,0.67,2019.0
22,63.0,The Lion King,"$565,223,699 ","$543,638,043 ","60,322,700",2019.0,38.0,1063611805.0,422783777.0,0.4,640828028.0,0.6,1994.0
23,21.0,The Sting,"$835,268,973 ","$156,000,000 ","89,142,900",1973.0,,,,,,,
24,22.0,Raiders Of The Lost Ark,"$829,651,658 ","$248,159,971 ","88,543,400",1981.0,,,,,,,
25,23.0,The Graduate,"$801,854,616 ","$104,945,305 ","85,576,800",1967.0,,,,,,,
26,24.0,Fantasia,"$778,117,595 ","$76,408,097 ","83,043,500",1941.0,,,,,,,
27,25.0,The Godfather,"$739,503,825 ","$136,381,073 ","78,922,500",1972.0,645.0,246120986.0,134966411.0,0.55,111154575.0,0.45,1972.0
28,26.0,Forrest Gump,"$736,829,627 ","$330,455,270 ","78,637,100",1994.0,135.0,678226133.0,330455270.0,0.49,347770863.0,0.51,1994.0
29,27.0,Mary Poppins,"$732,563,466 ","$102,272,727 ","78,181,800",1964.0,,,,,,,
30,28.0,Grease,"$722,413,882 ","$190,071,103 ","77,098,600",1978.0,325.0,396271103.0,190071103.0,0.48,206200000.0,0.52,1978.0
31,29.0,The Avengers,"$720,376,844 ","$623,357,910 ","76,881,200",2012.0,9.0,1518815515.0,623357910.0,0.41,895457605.0,0.59,2012.0
32,30.0,Jurassic World,"$719,633,803 ","$653,406,625 ","76,801,900",2015.0,7.0,1670516444.0,652385625.0,0.39,1018130819.0,0.61,2015.0
33,31.0,Black Panther,"$715,038,755 ","$700,426,566 ","76,311,500",2018.0,13.0,1347597973.0,700426566.0,0.52,647171407.0,0.48,2018.0
34,32.0,Thunderball,"$700,876,000 ","$63,595,658 ","74,800,000",1965.0,,,,,,,
35,33.0,The Dark Knight,"$697,722,995 ","$534,987,076 ","74,463,500",2008.0,49.0,1005973645.0,534858444.0,0.53,471115201.0,0.47,2008.0
36,34.0,The Jungle Book,"$690,380,663 ","$141,843,612 ","73,679,900",1967.0,52.0,966554929.0,364001123.0,0.38,602553806.0,0.62,2016.0
37,34.0,The Jungle Book,"$690,380,663 ","$141,843,612 ","73,679,900",1967.0,820.0,205843612.0,141843612.0,0.69,64000000.0,0.31,1967.0
38,178.0,The Jungle Book,"$390,829,259 ","$364,001,123 ","41,710,700",2016.0,52.0,966554929.0,364001123.0,0.38,602553806.0,0.62,2016.0
39,178.0,The Jungle Book,"$390,829,259 ","$364,001,123 ","41,710,700",2016.0,820.0,205843612.0,141843612.0,0.69,64000000.0,0.31,1967.0
40,35.0,Sleeping Beauty,"$680,974,120 ","$51,600,000 ","72,676,000",1959.0,,,,,,,
41,36.0,Avengers Infinity War,"$678,572,589 ","$678,815,482 ","72,419,700",2018.0,5.0,2048359754.0,678815482.0,0.33,1369544272.0,0.67,2018.0
42,37.0,Ghostbusters,"$667,872,049 ","$243,578,797 ","71,277,700",1984.0,528.0,296578797.0,243578797.0,0.82,53000000.0,0.18,1984.0
43,37.0,Ghostbusters,"$667,872,049 ","$243,578,797 ","71,277,700",1984.0,711.0,229147509.0,128350574.0,0.56,100796935.0,0.44,2016.0
44,38.0,Shrek 2,"$665,746,933 ","$441,226,247 ","71,050,900",2004.0,61.0,928760770.0,441226247.0,0.48,487534523.0,0.52,2004.0
45,39.0,SpiderMan,"$661,768,431 ","$407,022,860 ","70,626,300",2002.0,84.0,825025036.0,407022860.0,0.49,418002176.0,0.51,2002.0
46,40.0,Butch Cassidy And The Sundance Kid,"$661,127,523 ","$102,308,889 ","70,557,900",1969.0,,,,,,,
47,41.0,Love Story,"$656,035,865 ","$106,550,690 ","70,014,500",1970.0,,,,,,,
48,42.0,Independence Day,"$649,049,593 ","$306,169,268 ","69,268,900",1996.0,87.0,817400891.0,306169268.0,0.37,511231623.0,0.63,1996.0
49,43.0,Home Alone,"$634,669,454 ","$285,761,243 ","67,734,200",1990.0,238.0,476684675.0,285761243.0,0.6,190923432.0,0.4,1990.0
50,44.0,Star Wars Episode Viii  The Last Jedi,"$633,360,465 ","$620,181,382 ","67,594,500",2017.0,15.0,1332698830.0,620181382.0,0.47,712517448.0,0.53,2017.0
51,45.0,Pinocchio,"$631,568,921 ","$84,254,167 ","67,403,300",1940.0,,,,,,,
52,46.0,Cleopatra,"$629,509,395 ","$57,777,778 ","67,183,500",1963.0,,,,,,,
53,47.0,Beverly Hills Cop,"$629,195,500 ","$234,760,478 ","67,150,000",1984.0,476.0,316360478.0,234760478.0,0.74,81600000.0,0.26,1984.0
54,48.0,Goldfinger,"$621,231,000 ","$51,081,062 ","66,300,000",1964.0,,,,,,,
55,49.0,Incredibles 2,"$621,223,504 ","$608,581,744 ","66,299,200",2018.0,19.0,1243089244.0,608581744.0,0.49,634507500.0,0.51,2018.0
56,50.0,Airport,"$619,462,881 ","$100,489,151 ","66,111,300",1970.0,,,,,,,
57,51.0,American Graffiti,"$615,742,991 ","$115,000,000 ","65,714,300",1973.0,,,,,,,
58,52.0,The Robe,"$613,308,665 ","$36,000,000 ","65,454,500",1953.0,,,,,,,
59,53.0,Pirates Of The Caribbean Dead ManS Chest,"$605,568,108 ","$423,315,812 ","64,628,400",2006.0,37.0,1066179747.0,423315812.0,0.4,642863935.0,0.6,2006.0
60,54.0,Around The World In 80 Days,"$605,446,298 ","$42,000,000 ","64,615,400",1956.0,,,,,,,
61,55.0,Bambi,"$596,985,188 ","$102,247,150 ","63,712,400",1942.0,585.0,267447150.0,102247150.0,0.38,165200000.0,0.62,1942.0
62,56.0,Blazing Saddles,"$592,555,052 ","$119,616,663 ","63,239,600",1974.0,,,,,,,
63,57.0,Batman,"$590,050,451 ","$251,409,241 ","62,972,300",1989.0,306.0,411508343.0,251348343.0,0.61,160160000.0,0.39,1989.0
64,58.0,The Bells Of St MaryS,"$587,921,587 ","$21,333,333 ","62,745,100",1945.0,,,,,,,
65,59.0,The Lord Of The Rings The Return Of The King,"$577,563,989 ","$378,251,207 ","61,639,700",2003.0,25.0,1146030912.0,377845905.0,0.33,768185007.0,0.67,2003.0
66,60.0,Finding Nemo,"$577,065,505 ","$380,843,261 ","61,586,500",2003.0,59.0,940352645.0,380843261.0,0.41,559509384.0,0.59,2003.0
67,61.0,The Towering Inferno,"$575,090,309 ","$116,000,000 ","61,375,700",1974.0,,,,,,,
68,62.0,Rogue One A Star Wars Story,"$566,337,792 ","$533,539,991 ","60,441,600",2016.0,39.0,1056057720.0,532177324.0,0.5,523880396.0,0.5,2016.0
69,64.0,Cinderella,"$565,024,118 ","$93,141,149 ","60,301,400",1950.0,196.0,542358331.0,201151353.0,0.37,341206978.0,0.63,2015.0
70,65.0,SpiderMan 2,"$563,687,019 ","$373,585,825 ","60,158,700",2004.0,98.0,788976453.0,373585825.0,0.47,415390628.0,0.53,2004.0
71,66.0,My Fair Lady,"$562,782,814 ","$72,560,711 ","60,062,200",1964.0,,,,,,,
72,67.0,The Greatest Show On Earth,"$562,200,000 ","$36,000,000 ","60,000,000",1952.0,,,,,,,
73,68.0,National LampoonS Animal House,"$561,172,111 ","$141,600,000 ","59,890,300",1978.0,,,,,,,
74,69.0,The Passion Of The Christ,"$559,433,976 ","$370,782,930 ","59,704,800",2004.0,163.0,612054506.0,370782930.0,0.61,241271576.0,0.39,2004.0
75,70.0,Star Wars Episode Iii  Revenge Of The Sith,"$555,871,502 ","$380,270,577 ","59,324,600",2005.0,,,,,,,
76,71.0,Back To The Future,"$555,222,161 ","$212,836,762 ","59,255,300",1985.0,342.0,381906762.0,211406762.0,0.55,170500000.0,0.45,1985.0
77,72.0,The Lord Of The Rings The Two Towers,"$540,886,998 ","$342,952,511 ","57,725,400",2002.0,57.0,947495095.0,342551365.0,0.36,604943730.0,0.64,2002.0
78,73.0,The Dark Knight Rises,"$539,541,466 ","$448,149,584 ","57,581,800",2012.0,32.0,1081142612.0,448139099.0,0.41,633003513.0,0.59,2012.0
79,74.0,The Sixth Sense,"$539,516,167 ","$293,506,292 ","57,579,100",1999.0,137.0,672806432.0,293506292.0,0.44,379300140.0,0.56,1999.0
80,75.0,Superman,"$537,688,080 ","$134,478,449 ","57,384,000",1978.0,513.0,300451603.0,134451603.0,0.45,166000000.0,0.55,1978.0
81,76.0,Tootsie,"$533,189,543 ","$177,200,000 ","56,903,900",1982.0,982.0,177200000.0,177200000.0,1.0,0.0,0.0,1982.0
82,77.0,Beauty And The Beast,"$532,665,760 ","$504,481,165 ","56,848,000",2017.0,18.0,1273576220.0,504481165.0,0.4,769095055.0,0.6,2017.0
83,77.0,Beauty And The Beast,"$532,665,760 ","$504,481,165 ","56,848,000",2017.0,294.0,424967620.0,218967620.0,0.52,206000000.0,0.48,1991.0
84,143.0,Beauty And The Beast,"$425,057,869 ","$218,967,620 ","45,363,700",1991.0,18.0,1273576220.0,504481165.0,0.4,769095055.0,0.6,2017.0
85,143.0,Beauty And The Beast,"$425,057,869 ","$218,967,620 ","45,363,700",1991.0,294.0,424967620.0,218967620.0,0.52,206000000.0,0.48,1991.0
86,78.0,Smokey And The Bandit,"$532,524,273 ","$126,737,428 ","56,832,900",1977.0,,,,,,,
87,79.0,Finding Dory,"$526,201,397 ","$486,295,561 ","56,158,100",2016.0,43.0,1028570942.0,486295561.0,0.47,542275381.0,0.53,2016.0
88,80.0,Harry Potter And The SorcererS Stone,"$526,061,784 ","$318,886,962 ","56,143,200",2001.0,47.0,1017713119.0,318886962.0,0.31,698826157.0,0.69,2001.0
89,81.0,West Side Story,"$524,839,936 ","$44,055,492 ","56,012,800",1961.0,,,,,,,
90,82.0,Close Encounters Of The Third Kind,"$523,996,636 ","$135,189,114 ","55,922,800",1977.0,497.0,306889114.0,135189114.0,0.44,171700000.0,0.56,1977.0
91,83.0,Lady And The Tramp,"$522,236,013 ","$93,602,326 ","55,734,900",1955.0,,,,,,,
92,84.0,Lawrence Of Arabia,"$519,444,690 ","$45,306,425 ","55,437,000",1962.0,,,,,,,
93,85.0,The Rocky Horror Picture Show,"$516,000,278 ","$112,892,319 ","55,069,400",1975.0,,,,,,,
94,86.0,Rocky,"$515,724,800 ","$117,235,147 ","55,040,000",1976.0,,,,,,,
95,87.0,The Best Years Of Our Lives,"$515,350,000 ","$23,650,000 ","55,000,000",1946.0,,,,,,,
96,88.0,Star Wars Episode Ix  The Rise Of Skywalker,"$515,202,891 ","$515,202,542 ","54,984,300",2019.0,34.0,1074149279.0,515202542.0,0.48,558946737.0,0.52,2019.0
97,89.0,The Poseidon Adventure,"$514,431,740 ","$84,563,118 ","54,902,000",1972.0,,,,,,,
98,90.0,The Lord Of The Rings The Fellowship Of The Ring,"$513,470,378 ","$316,115,420 ","54,799,400",2001.0,64.0,898094742.0,316115420.0,0.35,581979322.0,0.65,2001.0
99,91.0,Twister,"$512,427,497 ","$241,830,615 ","54,688,100",1996.0,224.0,494471524.0,241721524.0,0.49,252750000.0,0.51,1996.0
100,92.0,Men In Black,"$511,758,479 ","$250,690,539 ","54,616,700",1997.0,171.0,589390539.0,250690539.0,0.43,338700000.0,0.57,1997.0
101,93.0,The Bridge On The River Kwai,"$509,728,000 ","$27,200,000 ","54,400,000",1957.0,,,,,,,
102,94.0,Transformers Revenge Of The Fallen,"$505,051,433 ","$402,111,870 ","53,900,900",2009.0,82.0,836303693.0,402111870.0,0.48,434191823.0,0.52,2009.0
103,95.0,ItS A Mad Mad Mad Mad World,"$504,812,498 ","$46,332,858 ","53,875,400",1963.0,,,,,,,
104,96.0,Swiss Family Robinson,"$504,180,960 ","$40,356,000 ","53,808,000",1960.0,,,,,,,
105,97.0,One Flew Over The CuckooS Nest,"$503,032,198 ","$108,981,275 ","53,685,400",1975.0,,,,,,,
106,98.0,MASH,"$503,020,954 ","$81,600,000 ","53,684,200",1970.0,,,,,,,
107,99.0,Indiana Jones And The Temple Of Doom,"$501,602,336 ","$179,870,271 ","53,532,800",1984.0,442.0,333107271.0,179870271.0,0.54,153237000.0,0.46,1984.0
108,100.0,Star Wars Episode Ii  Attack Of The Clones,"$500,999,845 ","$310,676,740 ","53,468,500",2002.0,146.0,653779970.0,310676740.0,0.48,343103230.0,0.52,2002.0
109,101.0,Avengers Age Of Ultron,"$499,902,618 ","$459,005,868 ","53,351,400",2015.0,12.0,1402809540.0,459005868.0,0.33,943803672.0,0.67,2015.0
110,102.0,Toy Story 3,"$499,790,178 ","$415,004,880 ","53,339,400",2010.0,36.0,1066970811.0,415004880.0,0.39,651965931.0,0.61,2010.0
111,103.0,Mrs Doubtfire,"$493,652,828 ","$219,195,243 ","52,684,400",1993.0,277.0,441286195.0,219195243.0,0.5,222090952.0,0.5,1993.0
112,104.0,Aladdin,"$491,384,351 ","$217,350,219 ","52,442,300",1992.0,40.0,1050693953.0,355559216.0,0.34,695134737.0,0.66,2019.0
113,104.0,Aladdin,"$491,384,351 ","$217,350,219 ","52,442,300",1992.0,218.0,504050219.0,217350219.0,0.43,286700000.0,0.57,1992.0
114,105.0,Ghost,"$482,228,924 ","$217,631,306 ","51,465,200",1990.0,217.0,505703557.0,217631306.0,0.43,288072251.0,0.57,1990.0
115,106.0,The Hunger Games Catching Fire,"$478,943,802 ","$424,668,047 ","51,114,600",2013.0,76.0,865011746.0,424668047.0,0.49,440343699.0,0.51,2013.0
116,107.0,Duel In The Sun,"$478,061,148 ","$20,408,163 ","51,020,400",1946.0,,,,,,,
117,108.0,Frozen Ii,"$477,373,390 ","$477,373,578 ","50,947,000",2019.0,11.0,1450026933.0,477373578.0,0.33,972653355.0,0.67,2019.0
118,109.0,The Hunger Games,"$476,589,121 ","$408,010,692 ","50,863,300",2012.0,132.0,694394724.0,408010692.0,0.59,286384032.0,0.41,2012.0
119,110.0,Pirates Of The Caribbean The Curse Of The Black Pearl,"$474,580,193 ","$305,413,918 ","50,648,900",2003.0,145.0,654264015.0,305413918.0,0.47,348850097.0,0.53,2003.0
120,111.0,House Of Wax,"$473,483,903 ","$23,750,000 ","50,531,900",1953.0,,,,,,,
121,112.0,Rear Window,"$471,823,539 ","$36,764,313 ","50,354,700",1954.0,,,,,,,
122,113.0,The Lost World Jurassic Park,"$467,656,700 ","$229,086,679 ","49,910,000",1997.0,161.0,618638999.0,229086679.0,0.37,389552320.0,0.63,1997.0
123,114.0,Monsters Inc,"$463,113,187 ","$290,642,256 ","49,425,100",2001.0,177.0,579707738.0,290642256.0,0.5,289065482.0,0.5,2001.0
124,115.0,Indiana Jones And The Last Crusade,"$463,032,605 ","$197,171,806 ","49,416,500",1989.0,242.0,474171806.0,197171806.0,0.42,277000000.0,0.58,1989.0
125,116.0,Frozen,"$459,728,743 ","$400,953,009 ","49,063,900",2013.0,17.0,1281508100.0,400953009.0,0.31,880555091.0,0.69,2013.0
126,117.0,SpiderMan 3,"$458,326,991 ","$336,530,303 ","48,914,300",2007.0,66.0,894983373.0,336530303.0,0.38,558453070.0,0.62,2007.0
127,118.0,Iron Man 3,"$457,717,941 ","$409,013,994 ","48,849,300",2013.0,21.0,1214811252.0,409013994.0,0.34,805797258.0,0.66,2013.0
128,119.0,Terminator 2 Judgment Day,"$456,999,262 ","$205,881,154 ","48,772,600",1991.0,214.0,520881154.0,205881154.0,0.4,315000000.0,0.6,1991.0
129,120.0,Harry Potter And The Deathly Hallows Part 2,"$451,701,464 ","$381,447,587 ","48,207,200",2011.0,14.0,1342321665.0,381409310.0,0.28,960912355.0,0.72,2011.0
130,121.0,Toy Story 4,"$451,340,719 ","$434,038,008 ","48,168,700",2019.0,35.0,1073394593.0,434038008.0,0.4,639356585.0,0.6,2019.0
131,122.0,How The Grinch Stole Christmas,"$451,054,934 ","$260,715,005 ","48,138,200",2000.0,423.0,345573032.0,260465005.0,0.75,85108027.0,0.25,2000.0
132,123.0,Sergeant York,"$450,914,384 ","$16,361,885 ","48,123,200",1941.0,,,,,,,
133,124.0,Top Gun,"$450,043,911 ","$180,258,178 ","48,030,300",1986.0,392.0,357288178.0,180258178.0,0.5,177030000.0,0.5,1986.0
134,125.0,Toy Story,"$449,576,348 ","$223,225,679 ","47,980,400",1995.0,326.0,394436586.0,223225679.0,0.57,171210907.0,0.43,1995.0
135,126.0,Toy Story 2,"$448,228,005 ","$245,852,179 ","47,836,500",1999.0,222.0,497375381.0,245852179.0,0.49,251523202.0,0.51,1999.0
136,127.0,Captain Marvel,"$443,884,073 ","$426,829,839 ","47,372,900",2019.0,27.0,1128462972.0,426829839.0,0.38,701633133.0,0.62,2019.0
137,128.0,Shrek,"$443,112,922 ","$268,163,011 ","47,290,600",2001.0,229.0,487853320.0,267665011.0,0.55,220188309.0,0.45,2001.0
138,129.0,Shrek The Third,"$439,518,590 ","$322,719,944 ","46,907,000",2007.0,89.0,813367380.0,322719944.0,0.4,490647436.0,0.6,2007.0
139,130.0,Despicable Me 2,"$439,397,717 ","$368,065,385 ","46,894,100",2013.0,51.0,970766005.0,368065385.0,0.38,602700620.0,0.62,2013.0
140,131.0,Captain America Civil War,"$438,096,224 ","$408,084,349 ","46,755,200",2016.0,23.0,1153337496.0,408084349.0,0.35,745253147.0,0.65,2016.0
141,132.0,The Matrix Reloaded,"$437,540,583 ","$281,576,461 ","46,695,900",2003.0,116.0,741847937.0,281576461.0,0.38,460271476.0,0.62,2003.0
142,133.0,Transformers,"$434,787,677 ","$319,246,193 ","46,402,100",2007.0,125.0,709709780.0,319246193.0,0.45,390463587.0,0.55,2007.0
143,134.0,Crocodile Dundee,"$432,917,425 ","$174,803,506 ","46,202,500",1986.0,452.0,328203506.0,174803506.0,0.53,153400000.0,0.47,1986.0
144,135.0,Wonder Woman,"$432,354,288 ","$412,845,172 ","46,142,400",2017.0,85.0,822824522.0,412815408.0,0.5,410009114.0,0.5,2017.0
145,136.0,Jurassic World Fallen Kingdom,"$430,497,154 ","$417,719,760 ","45,944,200",2018.0,16.0,1310466296.0,417719760.0,0.32,892746536.0,0.68,2018.0
146,137.0,The Four Horsemen Of The Apocalypse,"$430,255,408 ","$9,183,673 ","45,918,400",1921.0,,,,,,,
147,138.0,Saving Private Ryan,"$429,179,732 ","$217,049,603 ","45,803,600",1998.0,235.0,482349603.0,217049603.0,0.45,265300000.0,0.55,1998.0
148,139.0,Young Frankenstein,"$427,715,201 ","$86,273,333 ","45,647,300",1974.0,,,,,,,
149,140.0,Peter Pan,"$427,492,195 ","$87,404,651 ","45,623,500",1953.0,,,,,,,
150,141.0,Gremlins,"$426,463,369 ","$153,642,180 ","45,513,700",1984.0,,,,,,,
151,142.0,Harry Potter And The Goblet Of Fire,"$425,336,158 ","$290,469,928 ","45,393,400",2005.0,65.0,896678241.0,290417905.0,0.32,606260336.0,0.68,2005.0
152,144.0,The Chronicles Of Narnia The Lion The Witch And The Wardrobe,"$423,300,994 ","$291,710,957 ","45,176,200",2005.0,114.0,745013115.0,291710957.0,0.39,453302158.0,0.61,2005.0
153,145.0,Harry Potter And The Chamber Of Secrets,"$422,965,548 ","$262,641,637 ","45,140,400",2002.0,70.0,879602366.0,262450136.0,0.3,617152230.0,0.7,2002.0
154,146.0,Pirates Of The Caribbean At WorldS End,"$421,405,443 ","$309,420,425 ","44,973,900",2007.0,55.0,960996492.0,309420425.0,0.32,651576067.0,0.68,2007.0
155,147.0,The Fugitive,"$416,002,701 ","$183,875,760 ","44,397,300",1993.0,368.0,368875760.0,183875760.0,0.5,185000000.0,0.5,1993.0
156,148.0,Iron Man,"$415,951,166 ","$319,034,126 ","44,391,800",2008.0,174.0,585796247.0,319034126.0,0.54,266762121.0,0.46,2008.0
157,149.0,The Caine Mutiny,"$415,913,686 ","$21,750,000 ","44,387,800",1954.0,,,,,,,
158,150.0,Transformers Dark Of The Moon,"$414,724,633 ","$352,390,543 ","44,260,900",2011.0,28.0,1123794079.0,352390543.0,0.31,771403536.0,0.69,2011.0
159,151.0,Meet The Fockers,"$413,901,010 ","$279,261,160 ","44,173,000",2004.0,211.0,522657936.0,279261160.0,0.53,243396776.0,0.47,2004.0
160,152.0,Indiana Jones And The Kingdom Of The Crystal Skull,"$413,821,365 ","$317,101,119 ","44,164,500",2008.0,97.0,790653942.0,317101119.0,0.4,473552823.0,0.6,2008.0
161,153.0,Jumanji Welcome To The Jungle,"$413,515,903 ","$404,540,171 ","44,131,900",2017.0,53.0,962542945.0,404540171.0,0.42,558002774.0,0.58,2017.0
162,154.0,2001 A Space Odyssey,"$409,683,573 ","$60,481,243 ","43,722,900",1968.0,,,,,,,
163,155.0,Dances With Wolves,"$409,462,441 ","$184,208,848 ","43,699,300",1990.0,295.0,424208848.0,184208848.0,0.43,240000000.0,0.57,1990.0
164,156.0,An Officer And A Gentleman,"$409,065,153 ","$129,795,554 ","43,656,900",1982.0,,,,,,,
165,157.0,Guardians Of The Galaxy Vol 2,"$408,124,405 ","$389,813,101 ","43,556,500",2017.0,77.0,863756051.0,389813101.0,0.45,473942950.0,0.55,2017.0
166,158.0,SpiderMan Far From Home,"$406,098,611 ","$390,532,085 ","43,340,300",2019.0,26.0,1131927996.0,390532085.0,0.35,741395911.0,0.65,2019.0
167,159.0,Rain Man,"$405,643,229 ","$172,825,435 ","43,291,700",1988.0,397.0,354825435.0,172825435.0,0.49,182000000.0,0.51,1988.0
168,160.0,The Secret Life Of Pets,"$405,475,506 ","$368,384,330 ","43,273,800",2016.0,72.0,875458631.0,368384330.0,0.42,507074301.0,0.58,2016.0
169,161.0,Guess WhoS Coming To Dinner,"$405,318,090 ","$56,666,667 ","43,257,000",1967.0,,,,,,,
170,162.0,American Sniper,"$403,659,600 ","$350,159,020 ","43,080,000",2014.0,190.0,547426372.0,350126372.0,0.64,197300000.0,0.36,2014.0
171,163.0,Kramer Vs Kramer,"$403,099,274 ","$106,260,000 ","43,020,200",1979.0,,,,,,,
172,164.0,Armageddon,"$402,726,348 ","$201,578,182 ","42,980,400",1998.0,187.0,553709788.0,201578182.0,0.36,352131606.0,0.64,1998.0
173,165.0,Psycho,"$399,786,979 ","$32,000,000 ","42,666,700",1960.0,,,,,,,
174,166.0,Harry Potter And The Order Of The Phoenix,"$399,669,854 ","$292,382,727 ","42,654,200",2007.0,58.0,942172396.0,292353413.0,0.31,649818983.0,0.69,2007.0
175,167.0,Inside Out,"$398,811,562 ","$356,921,711 ","42,562,600",2015.0,78.0,858848019.0,356921711.0,0.42,501926308.0,0.58,2015.0
176,168.0,Rocky Iii,"$398,348,684 ","$125,049,125 ","42,513,200",1982.0,,,,,,,
177,169.0,Rambo First Blood Part Ii,"$397,011,585 ","$150,415,432 ","42,370,500",1985.0,514.0,300400432.0,150415432.0,0.5,149985000.0,0.5,1985.0
178,170.0,Batman Forever,"$396,446,574 ","$184,069,126 ","42,310,200",1995.0,432.0,336567158.0,184069126.0,0.55,152498032.0,0.45,1995.0
179,171.0,Deadpool,"$396,285,410 ","$363,070,709 ","42,293,000",2016.0,101.0,782836791.0,363070709.0,0.46,419766082.0,0.54,2016.0
180,172.0,Pretty Woman,"$395,192,868 ","$178,406,268 ","42,176,400",1990.0,254.0,463406268.0,178406268.0,0.38,285000000.0,0.62,1990.0
181,173.0,Earthquake,"$394,961,429 ","$79,666,653 ","42,151,700",1974.0,,,,,,,
182,174.0,Alice In Wonderland,"$394,495,740 ","$334,191,110 ","42,102,000",2010.0,45.0,1025468216.0,334191110.0,0.33,691277106.0,0.67,2010.0
183,175.0,The Incredibles,"$393,821,100 ","$261,441,092 ","42,030,000",2004.0,151.0,631607053.0,261441092.0,0.41,370165961.0,0.59,2004.0
184,176.0,Cast Away,"$392,548,654 ","$233,632,142 ","41,894,200",2000.0,287.0,429632142.0,233632142.0,0.54,196000000.0,0.46,2000.0
185,177.0,Home Alone 2 Lost In New York,"$392,130,752 ","$173,585,516 ","41,849,600",1992.0,388.0,358994850.0,173585516.0,0.48,185409334.0,0.52,1992.0
186,179.0,Three Men And A Baby,"$390,764,606 ","$167,780,960 ","41,703,800",1987.0,,,,,,,
187,180.0,My Big Fat Greek Wedding,"$388,100,715 ","$241,438,208 ","41,419,500",2002.0,370.0,368744044.0,241438208.0,0.65,127305836.0,0.35,2002.0
188,181.0,Guardians Of The Galaxy,"$386,375,698 ","$333,718,600 ","41,235,400",2014.0,104.0,773350147.0,333718600.0,0.43,439631547.0,0.57,2014.0
189,182.0,Furious 7,"$384,393,006 ","$353,007,020 ","41,023,800",2015.0,10.0,1515341399.0,353007020.0,0.23,1162334379.0,0.77,2015.0
190,183.0,Mission Impossible,"$383,664,957 ","$180,981,856 ","40,946,100",1996.0,260.0,457696391.0,180981856.0,0.4,276714535.0,0.6,1996.0
191,184.0,The Hunger Games Mockingjay  Part 1,"$381,611,053 ","$337,135,885 ","40,726,900",2014.0,,,,,,,
192,185.0,Minions,"$381,492,054 ","$336,045,770 ","40,714,200",2015.0,22.0,1159444662.0,336045770.0,0.29,823398892.0,0.71,2015.0
193,186.0,Harry Potter And The HalfBlood Prince,"$381,195,025 ","$302,334,374 ","40,682,500",2009.0,,,,,,,
194,187.0,Saturday Night Fever,"$380,466,039 ","$94,213,184 ","40,604,700",1977.0,683.0,237113184.0,94213184.0,0.4,142900000.0,0.6,1977.0
195,188.0,On Golden Pond,"$380,274,891 ","$119,285,432 ","40,584,300",1981.0,,,,,,,
196,189.0,Austin Powers The Spy Who Shagged Me,"$380,038,767 ","$206,040,086 ","40,559,100",1999.0,484.0,312016928.0,206040086.0,0.66,105976842.0,0.34,1999.0
197,190.0,Harry Potter And The Prisoner Of Azkaban,"$378,596,724 ","$250,105,651 ","40,405,200",2004.0,92.0,797361618.0,249975996.0,0.31,547385622.0,0.69,2004.0
198,191.0,Bruce Almighty,"$377,331,774 ","$242,829,261 ","40,270,200",2003.0,233.0,484592874.0,242829261.0,0.5,241763613.0,0.5,2003.0
199,192.0,Funny Girl,"$375,170,115 ","$52,223,306 ","40,039,500",1968.0,,,,,,,
200,193.0,Mission Impossible Ii,"$374,469,239 ","$215,409,889 ","39,964,700",2000.0,191.0,546388108.0,215409889.0,0.39,330978219.0,0.61,2000.0
201,194.0,Rush Hour 2,"$374,410,208 ","$226,164,286 ","39,958,400",2001.0,419.0,347325802.0,226164286.0,0.65,121161516.0,0.35,2001.0
202,195.0,Apollo 13,"$373,466,649 ","$173,837,933 ","39,857,700",1995.0,396.0,355237933.0,173837933.0,0.49,181400000.0,0.51,1995.0
203,196.0,Patton,"$373,287,682 ","$61,749,765 ","39,838,600",1970.0,,,,,,,
204,197.0,Fatal Attraction,"$371,808,159 ","$156,645,693 ","39,680,700",1987.0,471.0,320145693.0,156645693.0,0.49,163500000.0,0.51,1987.0
205,198.0,Iron Man 2,"$371,691,971 ","$312,433,331 ","39,668,300",2010.0,156.0,623933331.0,312433331.0,0.5,311500000.0,0.5,2010.0
206,199.0,Zootopia,"$371,109,157 ","$341,268,248 ","39,606,100",2016.0,46.0,1024121104.0,341268248.0,0.33,682852856.0,0.67,2016.0
207,200.0,Liar Liar,"$370,330,510 ","$181,410,615 ","39,523,000",1997.0,507.0,302710615.0,181410615.0,0.6,121300000.0,0.4,1997.0
208,,,,,,,,,,,,,
209,,SpiderMan No Way Home,,,,,6.0,1832170405.0,772170405.0,0.42,1060000000.0,0.58,2021.0
210,,The Fate Of The Furious,,,,,20.0,1236005118.0,226008385.0,0.18,1009996733.0,0.82,2017.0
211,,Aquaman,,,,,24.0,1148485886.0,335061807.0,0.29,813424079.0,0.71,2018.0
212,,Skyfall,,,,,29.0,1108569499.0,304360277.0,0.27,804209222.0,0.73,2012.0
213,,Transformers Age Of Extinction,,,,,30.0,1104054072.0,245439076.0,0.22,858614996.0,0.78,2014.0
214,,Joker,,,,,33.0,1074419384.0,335451311.0,0.31,738968073.0,0.69,2019.0
215,,Pirates Of The Caribbean On Stranger Tides,,,,,41.0,1045713802.0,241071802.0,0.23,804642000.0,0.77,2011.0
216,,Despicable Me 3,,,,,42.0,1034800131.0,264624300.0,0.26,770175831.0,0.74,2017.0
217,,Star Wars Episode I The Phantom Menace,,,,,44.0,1027082707.0,474544677.0,0.46,552538030.0,0.54,1999.0
218,,The Hobbit An Unexpected Journey,,,,,48.0,1017003568.0,303003568.0,0.3,714000000.0,0.7,2012.0
219,,Harry Potter And The Deathly Hallows Part 1,,,,,50.0,977043483.0,296347721.0,0.3,680695762.0,0.7,2010.0
220,,The Hobbit The Battle Of The Five Armies,,,,,54.0,962182865.0,255119788.0,0.27,707063077.0,0.73,2014.0
221,,The Hobbit The Desolation Of Smaug,,,,,56.0,959007513.0,258366855.0,0.27,700640658.0,0.73,2013.0
222,,Harry Potter And The Half0Blood Prince,,,,,60.0,934454096.0,302305431.0,0.32,632148665.0,0.68,2009.0
223,,Bohemian Rhapsody,,,,,62.0,910809311.0,216668042.0,0.24,694141269.0,0.76,2018.0
224,,The Battle At Lake Changjin,,,,,63.0,902540935.0,342411.0,0.0,902198524.0,1.0,2021.0
225,,Ice Age 3 Dawn Of The Dinosaurs,,,,,67.0,886686817.0,196573705.0,0.22,690113112.0,0.78,2009.0
226,,Spectre,,,,,68.0,880681519.0,200074609.0,0.23,680606910.0,0.77,2015.0
227,,SpiderMan Homecoming,,,,,69.0,880166924.0,334201140.0,0.38,545965784.0,0.62,2017.0
228,,Ice Age 4 Continental Drift,,,,,71.0,877244782.0,161321843.0,0.18,715922939.0,0.82,2012.0
229,,Batman V Superman Dawn Of Justice,,,,,73.0,873637528.0,330360194.0,0.38,543277334.0,0.62,2016.0
230,,Wolf Warrior 2,,,,,74.0,870325439.0,2721100.0,0.0,867604339.0,1.0,2017.0
231,,Star Wars Episode Iii Revenge Of The Sith,,,,,75.0,868390560.0,380270577.0,0.44,488119983.0,0.56,2005.0
232,,Venom,,,,,79.0,856085151.0,213515506.0,0.25,642569645.0,0.75,2018.0
233,,Thor Ragnarok,,,,,80.0,853983911.0,315058289.0,0.37,538925622.0,0.63,2017.0
234,,Inception,,,,,81.0,836836967.0,292576195.0,0.35,544260772.0,0.65,2010.0
235,,The Twilight Saga Breaking Dawn 0 Part 2,,,,,83.0,829747654.0,292324737.0,0.35,537422917.0,0.65,2012.0
236,,Hi Mom,,,,,86.0,822009764.0,0.0,0.0,822009764.0,1.0,2021.0
237,,Fantastic Beasts And Where To Find Them,,,,,88.0,814044001.0,234037575.0,0.29,580006426.0,0.71,2016.0
238,,Coco,,,,,90.0,807817888.0,210460015.0,0.26,597357873.0,0.74,2017.0
239,,Jumanji The Next Level,,,,,91.0,800059707.0,320314960.0,0.4,479744747.0,0.6,2019.0
240,,Pirates Of The Caribbean Dead Men Tell No Tales,,,,,93.0,794881442.0,172558876.0,0.22,622322566.0,0.78,2017.0
241,,Et The Extra0Terrestrial,,,,,94.0,792910554.0,435110554.0,0.55,357800000.0,0.45,1982.0
242,,Mission Impossible 0 Fallout,,,,,95.0,791657398.0,220159104.0,0.28,571498294.0,0.72,2018.0
243,,2012,,,,,96.0,791217826.0,166112167.0,0.21,625105659.0,0.79,2009.0
244,,Fast  Furious 6,,,,,99.0,788680968.0,238679850.0,0.3,550001118.0,0.7,2013.0
245,,Deadpool 2,,,,,100.0,785896609.0,324591735.0,0.41,461304874.0,0.59,2018.0
246,,No Time To Die,,,,,103.0,774153007.0,160891007.0,0.21,613262000.0,0.79,2021.0
247,,The Da Vinci Code,,,,,105.0,760006945.0,217536138.0,0.29,542470807.0,0.71,2006.0
248,,Fast  Furious Presents Hobbs  Shaw,,,,,106.0,759056935.0,173956935.0,0.23,585100000.0,0.77,2019.0
249,,Maleficent,,,,,107.0,758411779.0,241410378.0,0.32,517001401.0,0.68,2014.0
250,,The Amazing SpiderMan,,,,,108.0,757930663.0,262030663.0,0.35,495900000.0,0.65,2012.0
251,,The Hunger Games Mockingjay 0 Part 1,,,,,109.0,755356711.0,337135885.0,0.45,418220826.0,0.55,2014.0
252,,Shrek Forever After,,,,,110.0,752600867.0,238736787.0,0.32,513864080.0,0.68,2010.0
253,,Madagascar 3 EuropeS Most Wanted,,,,,111.0,746921274.0,216391482.0,0.29,530529792.0,0.71,2012.0
254,,Suicide Squad,,,,,112.0,746846894.0,325100054.0,0.44,421746840.0,0.56,2016.0
255,,X0Men Days Of Future Past,,,,,113.0,746045700.0,233921534.0,0.31,512124166.0,0.69,2014.0
256,,Monsters University,,,,,115.0,743559645.0,268492764.0,0.36,475066881.0,0.64,2013.0
257,,Up,,,,,117.0,735099102.0,293004164.0,0.4,442094938.0,0.6,2009.0
258,,Ne Zha,,,,,118.0,726264074.0,3695533.0,0.01,722568541.0,0.99,2019.0
259,,F9 The Fast Saga,,,,,119.0,726229501.0,173005945.0,0.24,553223556.0,0.76,2021.0
260,,Gravity,,,,,120.0,723192705.0,274092705.0,0.38,449100000.0,0.62,2013.0
261,,Captain America The Winter Soldier,,,,,121.0,714421503.0,259766572.0,0.36,454654931.0,0.64,2014.0
262,,The Twilight Saga Breaking Dawn 0 Part 1,,,,,122.0,712205856.0,281287133.0,0.39,430918723.0,0.61,2011.0
263,,The Twilight Saga New Moon,,,,,123.0,711025481.0,297816253.0,0.42,413209228.0,0.58,2009.0
264,,Dawn Of The Planet Of The Apes,,,,,124.0,710644566.0,208545589.0,0.29,502098977.0,0.71,2014.0
265,,The Amazing SpiderMan 2,,,,,126.0,708982323.0,202853933.0,0.29,506128390.0,0.71,2014.0
266,,It,,,,,127.0,701796444.0,328828874.0,0.47,372967570.0,0.53,2017.0
267,,Interstellar,,,,,128.0,701729206.0,188020017.0,0.27,513709189.0,0.73,2014.0
268,,The Wandering Earth,,,,,129.0,699992512.0,5971413.0,0.01,694021099.0,0.99,2019.0
269,,The Twilight Saga Eclipse,,,,,130.0,698491347.0,300531751.0,0.43,397959596.0,0.57,2010.0
270,,Mission Impossible  Ghost Protocol,,,,,131.0,694713380.0,209397903.0,0.3,485315477.0,0.7,2011.0
271,,Detective Chinatown 3,,,,,133.0,686257563.0,0.0,0.0,686257563.0,1.0,2021.0
272,,Mission Impossible  Rogue Nation,,,,,134.0,682716636.0,195042377.0,0.29,487674259.0,0.71,2015.0
273,,Doctor Strange,,,,,136.0,677796076.0,232641920.0,0.34,445154156.0,0.66,2016.0
274,,Man Of Steel,,,,,138.0,668045518.0,291045518.0,0.44,377000000.0,0.56,2013.0
275,,Ice Age 2 The Meltdown,,,,,139.0,667094506.0,195330621.0,0.29,471763885.0,0.71,2006.0
276,,Kung Fu Panda 2,,,,,140.0,665692281.0,165249063.0,0.25,500443218.0,0.75,2011.0
277,,The Hunger Games Mockingjay 0 Part 2,,,,,141.0,658344137.0,281723902.0,0.43,376620235.0,0.57,2015.0
278,,Justice League,,,,,142.0,657926987.0,229024295.0,0.35,428902692.0,0.65,2017.0
279,,Big Hero 6,,,,,143.0,657869686.0,222527828.0,0.34,435341858.0,0.66,2014.0
280,,Fantastic Beasts The Crimes Of Grindelwald,,,,,144.0,654855901.0,159555901.0,0.24,495300000.0,0.76,2018.0
281,,Thor The Dark World,,,,,147.0,644783140.0,206362140.0,0.32,438421000.0,0.68,2013.0
282,,Moana,,,,,148.0,644136488.0,248757044.0,0.39,395379444.0,0.61,2016.0
283,,Sing,,,,,149.0,634208384.0,270448425.0,0.43,363759959.0,0.57,2016.0
284,,Kung Fu Panda,,,,,150.0,631746197.0,215434591.0,0.34,416311606.0,0.66,2008.0
285,,The Martian,,,,,152.0,630162448.0,228433663.0,0.36,401728785.0,0.64,2015.0
286,,Hancock,,,,,153.0,629443428.0,227946274.0,0.36,401497154.0,0.64,2008.0
287,,Fast Five,,,,,154.0,626137675.0,209837675.0,0.34,416300000.0,0.66,2011.0
288,,Men In Black 3,,,,,155.0,624026776.0,179020854.0,0.29,445005922.0,0.71,2012.0
289,,Ratatouille,,,,,157.0,623726085.0,206445654.0,0.33,417280431.0,0.67,2007.0
290,,Ant0Man And The Wasp,,,,,158.0,622674139.0,216648740.0,0.35,406025399.0,0.65,2018.0
291,,How To Train Your Dragon 2,,,,,159.0,621537519.0,177002924.0,0.28,444534595.0,0.72,2014.0
292,,Logan,,,,,160.0,619179950.0,226277068.0,0.37,392902882.0,0.63,2017.0
293,,Casino Royale,,,,,162.0,616502912.0,167445960.0,0.27,449056952.0,0.73,2006.0
294,,Mamma Mia,,,,,164.0,611257819.0,144169664.0,0.24,467088155.0,0.76,2008.0
295,,Life Of Pi,,,,,165.0,609016565.0,124987023.0,0.21,484029542.0,0.79,2012.0
296,,Transformers The Last Knight,,,,,166.0,605425157.0,130168683.0,0.22,475256474.0,0.78,2017.0
297,,Madagascar Escape 2 Africa,,,,,167.0,603900354.0,180010950.0,0.3,423889404.0,0.7,2008.0
298,,War Of The Worlds,,,,,168.0,603873119.0,234280354.0,0.39,369592765.0,0.61,2005.0
299,,Tangled,,,,,169.0,592462816.0,200821936.0,0.34,391640880.0,0.66,2010.0
300,,Quantum Of Solace,,,,,170.0,589580482.0,168368427.0,0.29,421212055.0,0.71,2008.0
301,,The Croods,,,,,172.0,587235983.0,187168425.0,0.32,400067558.0,0.68,2013.0
302,,The Hangover Part Ii,,,,,173.0,586764305.0,254464305.0,0.43,332300000.0,0.57,2011.0
303,,I Am Legend,,,,,175.0,585410052.0,256393010.0,0.44,329017042.0,0.56,2007.0
304,,Ready Player One,,,,,176.0,582893671.0,137690172.0,0.24,445203499.0,0.76,2018.0
305,,Operation Red Sea,,,,,178.0,579330426.0,1543547.0,0.0,577786879.0,1.0,2018.0
306,,Night At The Museum,,,,,179.0,574481229.0,250863268.0,0.44,323617961.0,0.56,2006.0
307,,Fifty Shades Of Grey,,,,,180.0,569651467.0,166167230.0,0.29,403484237.0,0.71,2015.0
308,,Kong Skull Island,,,,,181.0,566652812.0,168052812.0,0.3,398600000.0,0.7,2017.0
309,,The Smurfs,,,,,182.0,563749323.0,142614158.0,0.25,421135165.0,0.75,2011.0
310,,Cars 2,,,,,183.0,559852396.0,191452396.0,0.34,368400000.0,0.66,2011.0
311,,King Kong,,,,,184.0,556906378.0,218080025.0,0.39,338826353.0,0.61,2005.0
312,,Puss In Boots,,,,,185.0,554987477.0,149260504.0,0.27,405726973.0,0.73,2011.0
313,,The Mermaid,,,,,186.0,553810228.0,3232685.0,0.01,550577543.0,0.99,2016.0
314,,The Day After Tomorrow,,,,,188.0,552639571.0,186740799.0,0.34,365898772.0,0.66,2004.0
315,,Ted,,,,,189.0,549368315.0,218815487.0,0.4,330552828.0,0.6,2012.0
316,,Detective Chinatown 2,,,,,192.0,544185156.0,1983984.0,0.0,542201172.0,1.0,2018.0
317,,X0Men Apocalypse,,,,,193.0,543934105.0,155442489.0,0.29,388491616.0,0.71,2016.0
318,,Sherlock Holmes A Game Of Shadows,,,,,194.0,543848418.0,186848418.0,0.34,357000000.0,0.66,2011.0
319,,Despicable Me,,,,,195.0,543113985.0,251513985.0,0.46,291600000.0,0.54,2010.0
320,,Madagascar,,,,,197.0,542063846.0,193595521.0,0.36,348468325.0,0.64,2005.0
321,,World War Z,,,,,198.0,540455876.0,202807711.0,0.38,337648165.0,0.62,2013.0
322,,Brave,,,,,199.0,538983207.0,237283207.0,0.44,301700000.0,0.56,2012.0
323,,The Simpsons Movie,,,,,201.0,536414293.0,183135014.0,0.34,353279279.0,0.66,2007.0
324,,The Revenant,,,,,202.0,532950503.0,183637894.0,0.34,349312609.0,0.66,2015.0
325,,The Meg,,,,,203.0,530438278.0,145443742.0,0.27,384994536.0,0.73,2018.0
326,,Ralph Breaks The Internet,,,,,204.0,529323962.0,201091711.0,0.38,328232251.0,0.62,2018.0
327,,Hotel Transylvania 3 Summer Vacation,,,,,205.0,528583774.0,167510016.0,0.32,361073758.0,0.68,2018.0
328,,The Boss Baby,,,,,206.0,527965936.0,175003033.0,0.33,352962903.0,0.67,2017.0
329,,Dunkirk,,,,,207.0,527016307.0,189740665.0,0.36,337275642.0,0.64,2017.0
330,,Godzilla,,,,,208.0,524976069.0,200676069.0,0.38,324300000.0,0.62,2014.0
331,,Godzilla,,,,,346.0,379014294.0,136314294.0,0.36,242700000.0,0.64,1998.0
332,,How To Train Your Dragon The Hidden World,,,,,209.0,524389083.0,160799505.0,0.31,363589578.0,0.69,2019.0
333,,Sherlock Holmes,,,,,210.0,524028679.0,209028679.0,0.4,315000000.0,0.6,2009.0
334,,WallE,,,,,212.0,521311890.0,223808164.0,0.43,297503726.0,0.57,2008.0
335,,Kung Fu Panda 3,,,,,213.0,521170825.0,143528619.0,0.28,377642206.0,0.72,2016.0
336,,Ant0Man,,,,,215.0,519311965.0,180202163.0,0.35,339109802.0,0.65,2015.0
337,,The Grinch,,,,,216.0,512568819.0,271094731.0,0.53,241474088.0,0.47,2018.0
338,,Venom Let There Be Carnage,,,,,219.0,502050366.0,213550366.0,0.43,288500000.0,0.57,2021.0
339,,Rio 2,,,,,220.0,498781117.0,131538435.0,0.26,367242682.0,0.74,2014.0
340,,Troy,,,,,221.0,497409852.0,133378256.0,0.27,364031596.0,0.73,2004.0
341,,How To Train Your Dragon,,,,,223.0,494879471.0,217581231.0,0.44,277298240.0,0.56,2010.0
342,,Oz The Great And Powerful,,,,,225.0,493311825.0,234911825.0,0.48,258400000.0,0.52,2013.0
343,,Clash Of The Titans,,,,,226.0,493214993.0,163214888.0,0.33,330000105.0,0.67,2010.0
344,,Maleficent Mistress Of Evil,,,,,227.0,491730089.0,113929605.0,0.23,377800484.0,0.77,2019.0
345,,War For The Planet Of The Apes,,,,,228.0,490719763.0,146880162.0,0.3,343839601.0,0.7,2017.0
346,,Mr  Mrs Smith,,,,,230.0,487287646.0,186336279.0,0.38,300951367.0,0.62,2005.0
347,,Angels  Demons,,,,,231.0,485930816.0,133375846.0,0.27,352554970.0,0.73,2009.0
348,,Teenage Mutant Ninja Turtles,,,,,232.0,485004754.0,191204754.0,0.39,293800000.0,0.61,2014.0
349,,Teenage Mutant Ninja Turtles,,,,,842.0,201965915.0,135265915.0,0.67,66700000.0,0.33,1990.0
350,,Rio,,,,,234.0,483866518.0,143619809.0,0.3,340246709.0,0.7,2011.0
351,,Rise Of The Planet Of The Apes,,,,,236.0,481800873.0,176760185.0,0.37,305040688.0,0.63,2011.0
352,,Water Gate Bridge,,,,,237.0,480051716.0,0.0,0.0,480051716.0,1.0,2022.0
353,,Hotel Transylvania 2,,,,,239.0,475186706.0,169700110.0,0.36,305486596.0,0.64,2015.0
354,,Charlie And The Chocolate Factory,,,,,241.0,474968763.0,206459076.0,0.43,268509687.0,0.57,2005.0
355,,San Andreas,,,,,243.0,474009154.0,155190832.0,0.33,318818322.0,0.67,2015.0
356,,It Chapter Two,,,,,244.0,473093228.0,211593228.0,0.45,261500000.0,0.55,2019.0
357,,Wreck0It Ralph,,,,,246.0,471222889.0,189422889.0,0.4,281800000.0,0.6,2012.0
358,,The Hangover,,,,,247.0,469310836.0,277322503.0,0.59,191988333.0,0.41,2009.0
359,,Godzilla Vs Kong,,,,,248.0,468216094.0,100916094.0,0.22,367300000.0,0.78,2021.0
360,,The Lego Movie,,,,,249.0,468060692.0,257760692.0,0.55,210300000.0,0.45,2014.0
361,,Bumblebee,,,,,250.0,467989645.0,127195589.0,0.27,340794056.0,0.73,2018.0
362,,Star Trek Into Darkness,,,,,251.0,467365246.0,228778661.0,0.49,238586585.0,0.51,2013.0
363,,The Matrix,,,,,252.0,467222728.0,172076928.0,0.37,295145800.0,0.63,1999.0
364,,Gladiator,,,,,253.0,465380802.0,187705427.0,0.4,277675375.0,0.6,2000.0
365,,Cars,,,,,255.0,461991867.0,244082982.0,0.53,217908885.0,0.47,2006.0
366,,The Eight Hundred,,,,,256.0,461421559.0,372755.0,0.0,461048804.0,1.0,2020.0
367,,X0Men The Last Stand,,,,,257.0,460435291.0,234362462.0,0.51,226072829.0,0.49,2006.0
368,,National Treasure Book Of Secrets,,,,,258.0,459242249.0,219964115.0,0.48,239278134.0,0.52,2007.0
369,,Lucy,,,,,259.0,458863600.0,126663600.0,0.28,332200000.0,0.72,2014.0
370,,300,,,,,261.0,456068181.0,210614939.0,0.46,245453242.0,0.54,2007.0
371,,Demon Slayer Mugen Train,,,,,262.0,454779627.0,49505008.0,0.11,405274619.0,0.89,2020.0
372,,The Last Samurai,,,,,263.0,454627263.0,111127263.0,0.24,343500000.0,0.76,2003.0
373,,Dying To Survive,,,,,264.0,451183391.0,6752.0,0.0,451176639.0,1.0,2018.0
374,,OceanS Eleven,,,,,265.0,450717150.0,183417150.0,0.41,267300000.0,0.59,2001.0
375,,My People My Country,,,,,266.0,450064993.0,2356683.0,0.01,447708310.0,0.99,2019.0
376,,Thor,,,,,267.0,449326618.0,181030624.0,0.4,268295994.0,0.6,2011.0
377,,Pearl Harbor,,,,,268.0,449220945.0,198542554.0,0.44,250678391.0,0.56,2001.0
378,,La La Land,,,,,269.0,448906865.0,151101803.0,0.34,297805062.0,0.66,2016.0
379,,Tarzan,,,,,270.0,448191819.0,171091819.0,0.38,277100000.0,0.62,1999.0
380,,Men In Black Ii,,,,,271.0,445135288.0,193735288.0,0.44,251400000.0,0.56,2002.0
381,,The Bourne Ultimatum,,,,,272.0,444100035.0,227471070.0,0.51,216628965.0,0.49,2007.0
382,,The Mummy Returns,,,,,273.0,443280904.0,202019785.0,0.46,241261119.0,0.54,2001.0
383,,Alvin And The Chipmunks The Squeakquel,,,,,274.0,443140005.0,219614612.0,0.5,223525393.0,0.5,2009.0
384,,Les Misérables,,,,,275.0,442299309.0,148809770.0,0.34,293489539.0,0.66,2012.0
385,,Terminator Genisys,,,,,278.0,440603537.0,89760956.0,0.2,350842581.0,0.8,2015.0
386,,Warcraft,,,,,279.0,439048914.0,47365290.0,0.11,391683624.0,0.89,2016.0
387,,The Greatest Showman,,,,,280.0,436949634.0,174340174.0,0.4,262609460.0,0.6,2017.0
388,,A Star Is Born,,,,,281.0,436188866.0,215288866.0,0.49,220900000.0,0.51,2018.0
389,,Pokémon Detective Pikachu,,,,,282.0,433514834.0,144105346.0,0.33,289409488.0,0.67,2019.0
390,,Terminator 3 Rise Of The Machines,,,,,283.0,433371112.0,150371112.0,0.35,283000000.0,0.65,2003.0
391,,Shang0Chi And The Legend Of The Ten Rings,,,,,284.0,432243292.0,224543292.0,0.52,207700000.0,0.48,2021.0
392,,Die Another Day,,,,,285.0,431971116.0,160942139.0,0.37,271028977.0,0.63,2002.0
393,,The Secret Life Of Pets 2,,,,,286.0,430051293.0,158874395.0,0.37,271176898.0,0.63,2019.0
394,,Rampage,,,,,288.0,428028233.0,101028233.0,0.24,327000000.0,0.76,2018.0
395,,The KingS Speech,,,,,289.0,427374317.0,138797449.0,0.32,288576868.0,0.68,2010.0
396,,The Matrix Revolutions,,,,,290.0,427344325.0,139313948.0,0.33,288030377.0,0.67,2003.0
397,,The Intouchables,,,,,291.0,426588510.0,10198820.0,0.02,416389690.0,0.98,2011.0
398,,Bad Boys For Life,,,,,292.0,426505244.0,206305244.0,0.48,220200000.0,0.52,2020.0
399,,Django Unchained,,,,,293.0,426074373.0,162805434.0,0.38,263268939.0,0.62,2012.0
400,,My People My Homeland,,,,,296.0,422390820.0,0.0,0.0,422390820.0,1.0,2020.0
401,,The Chronicles Of Narnia Prince Caspian,,,,,297.0,419665568.0,141621490.0,0.34,278044078.0,0.66,2008.0
402,,Sex And The City,,,,,298.0,418765519.0,152647258.0,0.36,266118261.0,0.64,2008.0
403,,The Captain,,,,,299.0,417282021.0,706572.0,0.0,416575449.0,1.0,2019.0
404,,The Mummy,,,,,300.0,415933406.0,155385488.0,0.37,260547918.0,0.63,1999.0
405,,The Mummy,,,,,310.0,409231607.0,80227895.0,0.2,329003712.0,0.8,2017.0
406,,The Chronicles Of Narnia The Voyage Of The Dawn Treader,,,,,301.0,415686217.0,104386950.0,0.25,311299267.0,0.75,2010.0
407,,Jason Bourne,,,,,302.0,415484914.0,162434410.0,0.39,253050504.0,0.61,2016.0
408,,The Wolverine,,,,,303.0,414828246.0,132556852.0,0.32,282271394.0,0.68,2013.0
409,,Kingsman The Secret Service,,,,,304.0,414351546.0,128261724.0,0.31,286089822.0,0.69,2015.0
410,,Night At The Museum Battle Of The Smithsonian,,,,,305.0,413106170.0,177243721.0,0.43,235862449.0,0.57,2009.0
411,,The Bodyguard,,,,,307.0,411006740.0,122006740.0,0.3,289000000.0,0.7,1992.0
412,,Pacific Rim,,,,,308.0,411002906.0,101802906.0,0.25,309200000.0,0.75,2013.0
413,,Kingsman The Golden Circle,,,,,309.0,410902662.0,100234838.0,0.24,310667824.0,0.76,2017.0
414,,Ice Age 5 Collision Course,,,,,311.0,408754975.0,64063008.0,0.16,344691967.0,0.84,2016.0
415,,Twilight,,,,,312.0,408430415.0,193962473.0,0.47,214467942.0,0.53,2008.0
416,,Signs,,,,,313.0,408247917.0,227966634.0,0.56,180281283.0,0.44,2002.0
417,,X2 X0Men United,,,,,314.0,407711549.0,214949694.0,0.53,192761855.0,0.47,2003.0
418,,Alita Battle Angel,,,,,315.0,404980543.0,85838210.0,0.21,319142333.0,0.79,2019.0
419,,The Mummy Tomb Of The Dragon Emperor,,,,,316.0,403449830.0,102491776.0,0.25,300958054.0,0.75,2008.0
420,,Prometheus,,,,,317.0,403354469.0,126477084.0,0.31,276877385.0,0.69,2012.0
421,,Mamma Mia Here We Go Again,,,,,319.0,402254384.0,120634935.0,0.3,281619449.0,0.7,2018.0
422,,Eternals,,,,,320.0,402064899.0,164870234.0,0.41,237194665.0,0.59,2021.0
423,,Dune,,,,,321.0,400375904.0,108031945.0,0.27,292343959.0,0.73,2021.0
424,,Tron Legacy,,,,,322.0,400063852.0,172062763.0,0.43,228001089.0,0.57,2010.0
425,,Mission Impossible Iii,,,,,323.0,398479497.0,134029801.0,0.34,264449696.0,0.66,2006.0
426,,Snow White And The Huntsman,,,,,324.0,396592829.0,155332381.0,0.39,241260448.0,0.61,2012.0
427,,Solo A Star Wars Story,,,,,327.0,392924807.0,213767512.0,0.54,179157295.0,0.46,2018.0
428,,The Wolf Of Wall Street,,,,,328.0,392000694.0,116900694.0,0.3,275100000.0,0.7,2013.0
429,,Superman Returns,,,,,329.0,391081192.0,200081192.0,0.51,191000000.0,0.49,2006.0
430,,Robin Hood Prince Of Thieves,,,,,330.0,390493908.0,165493908.0,0.42,225000000.0,0.58,1991.0
431,,Indiana Jones And The Raiders Of The Lost Ark,,,,,331.0,389925971.0,248159971.0,0.64,141766000.0,0.36,1981.0
432,,Independence Day Resurgence,,,,,332.0,389681935.0,103144286.0,0.26,286537649.0,0.74,2016.0
433,,Live Free Or Die Hard,,,,,333.0,388156011.0,134529403.0,0.35,253626608.0,0.65,2007.0
434,,Monster Hunt,,,,,334.0,387053506.0,32766.0,0.0,387020740.0,1.0,2015.0
435,,Godzilla King Of The Monsters,,,,,335.0,386600138.0,110500138.0,0.29,276100000.0,0.71,2019.0
436,,Home,,,,,336.0,386041607.0,177397510.0,0.46,208644097.0,0.54,2015.0
437,,Star Trek,,,,,337.0,385680446.0,257730019.0,0.67,127950427.0,0.33,2009.0
438,,1917,,,,,338.0,384919389.0,159227644.0,0.41,225691745.0,0.59,2019.0
439,,Happy Feet,,,,,339.0,384336108.0,198000317.0,0.52,186335791.0,0.48,2006.0
440,,Cars 3,,,,,340.0,383930656.0,152901115.0,0.4,231029541.0,0.6,2017.0
441,,Ice Age,,,,,341.0,383257136.0,176387405.0,0.46,206869731.0,0.54,2002.0
442,,Fifty Shades Darker,,,,,343.0,381545846.0,114581250.0,0.3,266964596.0,0.7,2017.0
443,,Monsters Vs Aliens,,,,,344.0,381509870.0,198351526.0,0.52,183158344.0,0.48,2009.0
444,,Black Widow,,,,,345.0,379751655.0,183651655.0,0.48,196100000.0,0.52,2021.0
445,,True Lies,,,,,347.0,378882411.0,146282411.0,0.39,232600000.0,0.61,1994.0
446,,Slumdog Millionaire,,,,,348.0,378410542.0,141319928.0,0.37,237090614.0,0.63,2008.0
447,,Taken 2,,,,,349.0,376152455.0,139854287.0,0.37,236298168.0,0.63,2012.0
448,,Gi Joe Retaliation,,,,,350.0,375740705.0,122523060.0,0.33,253217645.0,0.67,2013.0
449,,Mad Max Fury Road,,,,,351.0,375658750.0,154058340.0,0.41,221600410.0,0.59,2015.0
450,,SpiderMan Into The SpiderVerse,,,,,352.0,375540831.0,190241310.0,0.51,185299521.0,0.49,2018.0
451,,Shark Tale,,,,,353.0,374583879.0,160861908.0,0.43,213721971.0,0.57,2004.0
452,,Once Upon A Time In Hollywood,,,,,354.0,374565754.0,142502728.0,0.38,232063026.0,0.62,2019.0
453,,What Women Want,,,,,355.0,374111707.0,182811707.0,0.49,191300000.0,0.51,2000.0
454,,The Adventures Of Tintin,,,,,356.0,373993951.0,77591831.0,0.21,296402120.0,0.79,2011.0
455,,Batman Begins,,,,,357.0,373661946.0,206852432.0,0.55,166809514.0,0.45,2005.0
456,,Penguins Of Madagascar,,,,,358.0,373515621.0,83850911.0,0.22,289664710.0,0.78,2014.0
457,,X0Men Origins Wolverine,,,,,359.0,373062864.0,179883157.0,0.48,193179707.0,0.52,2009.0
458,,The Golden Compass,,,,,360.0,372234864.0,70107728.0,0.19,302127136.0,0.81,2007.0
459,,Fifty Shades Freed,,,,,361.0,371987838.0,100407760.0,0.27,271580078.0,0.73,2018.0
460,,Hitch,,,,,362.0,371594210.0,179495555.0,0.48,192098655.0,0.52,2005.0
461,,Terminator Salvation,,,,,363.0,371353001.0,125322469.0,0.34,246030532.0,0.66,2009.0
462,,Captain America The First Avenger,,,,,364.0,370569774.0,176654505.0,0.48,193915269.0,0.52,2011.0
463,,Edge Of Tomorrow,,,,,365.0,370541256.0,100206256.0,0.27,270335000.0,0.73,2014.0
464,,ThereS Something About Mary,,,,,366.0,369884651.0,176484651.0,0.48,193400000.0,0.52,1998.0
465,,Gone Girl,,,,,367.0,369330363.0,167767189.0,0.45,201563174.0,0.55,2014.0
466,,Jurassic Park Iii,,,,,369.0,368780809.0,181171875.0,0.49,187608934.0,0.51,2001.0
467,,Hello Mr Billionaire,,,,,371.0,366961907.0,0.0,0.0,366961907.0,1.0,2018.0
468,,Die Hard With A Vengeance,,,,,372.0,366101666.0,100012499.0,0.27,266089167.0,0.73,1995.0
469,,Shazam,,,,,373.0,365971656.0,140371656.0,0.38,225600000.0,0.62,2019.0
470,,The Nun,,,,,374.0,365551694.0,117450119.0,0.32,248101575.0,0.68,2018.0
471,,Alvin And The Chipmunks,,,,,375.0,365352546.0,217326974.0,0.59,148025572.0,0.41,2007.0
472,,Notting Hill,,,,,376.0,363889678.0,116089678.0,0.32,247800000.0,0.68,1999.0
473,,Tenet,,,,,377.0,363656624.0,58456624.0,0.16,305200000.0,0.84,2020.0
474,,A BugS Life,,,,,378.0,363258859.0,162798565.0,0.45,200460294.0,0.55,1998.0
475,,Night At The Museum Secret Of The Tomb,,,,,379.0,363204635.0,113746621.0,0.31,249458014.0,0.69,2014.0
476,,OceanS Twelve,,,,,380.0,362744280.0,125544280.0,0.35,237200000.0,0.65,2004.0
477,,Planet Of The Apes,,,,,381.0,362211740.0,180011740.0,0.5,182200000.0,0.5,2001.0
478,,The Hangover Part Iii,,,,,382.0,362000072.0,112200072.0,0.31,249800000.0,0.69,2013.0
479,,The World Is Not Enough,,,,,383.0,361832400.0,126943684.0,0.35,234888716.0,0.65,1999.0
480,,Monster Hunt 2,,,,,384.0,361682618.0,706153.0,0.0,360976465.0,1.0,2018.0
481,,Fast  Furious,,,,,385.0,360366870.0,155064265.0,0.43,205302605.0,0.57,2009.0
482,,Noah,,,,,386.0,359200044.0,101200044.0,0.28,258000000.0,0.72,2014.0
483,,The Karate Kid,,,,,387.0,359126022.0,176591618.0,0.49,182534404.0,0.51,2010.0
484,,Hotel Transylvania,,,,,389.0,358375603.0,148313048.0,0.41,210062555.0,0.59,2012.0
485,,Minority Report,,,,,390.0,358372926.0,132072926.0,0.37,226300000.0,0.63,2002.0
486,,Your Name,,,,,391.0,358180115.0,5017246.0,0.01,353162869.0,0.99,2016.0
487,,The Legend Of Tarzan,,,,,393.0,356700357.0,126643061.0,0.36,230057296.0,0.64,2016.0
488,,American Beauty,,,,,394.0,356296601.0,130096601.0,0.37,226200000.0,0.63,1999.0
489,,Spirited Away,,,,,395.0,355697283.0,13750644.0,0.04,341946639.0,0.96,2001.0
490,,The Great Gatsby,,,,,398.0,353642274.0,144840419.0,0.41,208801855.0,0.59,2013.0
491,,Dumbo,,,,,399.0,353284621.0,114766307.0,0.32,238518314.0,0.68,2019.0
492,,I Robot,,,,,400.0,353133898.0,144801023.0,0.41,208332875.0,0.59,2004.0
493,,Basic Instinct,,,,,401.0,352927224.0,117727224.0,0.33,235200000.0,0.67,1992.0
494,,Murder On The Orient Express,,,,,402.0,352794081.0,102826543.0,0.29,249967538.0,0.71,2017.0
495,,X0Men First Class,,,,,403.0,352616690.0,146408305.0,0.42,206208385.0,0.58,2011.0
496,,The Angry Birds Movie,,,,,404.0,352333929.0,107509366.0,0.31,244824563.0,0.69,2016.0
497,,Goldeneye,,,,,405.0,352194034.0,106429941.0,0.3,245764093.0,0.7,1995.0
498,,Catch Me If You Can,,,,,406.0,352114312.0,164615351.0,0.47,187498961.0,0.53,2002.0
499,,Now You See Me,,,,,407.0,351723989.0,117723989.0,0.33,234000000.0,0.67,2013.0
500,,Hannibal,,,,,408.0,351692268.0,165092268.0,0.47,186600000.0,0.53,2001.0
501,,The Mask,,,,,409.0,351583407.0,119938730.0,0.34,231644677.0,0.66,1994.0
502,,Peter Rabbit,,,,,410.0,351496066.0,115253424.0,0.33,236242642.0,0.67,2018.0
503,,Speed,,,,,411.0,350448145.0,121248145.0,0.35,229200000.0,0.65,1994.0
504,,Dinosaur,,,,,412.0,349822765.0,137748063.0,0.39,212074702.0,0.61,2000.0
505,,Mary Poppins Returns,,,,,413.0,349546142.0,171958438.0,0.49,177587704.0,0.51,2018.0
506,,Deep Impact,,,,,414.0,349464664.0,140464664.0,0.4,209000000.0,0.6,1998.0
507,,The Lorax,,,,,415.0,348840316.0,214030500.0,0.61,134809816.0,0.39,2012.0
508,,The Maze Runner,,,,,416.0,348319861.0,102427862.0,0.29,245891999.0,0.71,2014.0
509,,The Smurfs 2,,,,,417.0,347545360.0,71017784.0,0.2,276527576.0,0.8,2013.0
510,,National Treasure,,,,,418.0,347512318.0,173008894.0,0.5,174503424.0,0.5,2004.0
511,,Trolls,,,,,420.0,346864886.0,153707064.0,0.44,193157822.0,0.56,2016.0
512,,Xxx Return Of Xander Cage,,,,,421.0,346118277.0,44898413.0,0.13,301219864.0,0.87,2017.0
513,,Pocahontas,,,,,422.0,346079773.0,141579773.0,0.41,204500000.0,0.59,1995.0
514,,Star Trek Beyond,,,,,424.0,343471816.0,158848340.0,0.46,184623476.0,0.54,2016.0
515,,Alvin And The Chipmunks Chipwrecked,,,,,425.0,342695435.0,133110742.0,0.39,209584693.0,0.61,2011.0
516,,Wanted,,,,,426.0,342463063.0,134508551.0,0.39,207954512.0,0.61,2008.0
517,,The Flintstones,,,,,427.0,341631208.0,130531208.0,0.38,211100000.0,0.62,1994.0
518,,A Quiet Place,,,,,428.0,340952971.0,188024361.0,0.55,152928610.0,0.45,2018.0
519,,Enchanted,,,,,429.0,340487836.0,127807262.0,0.38,212680574.0,0.62,2007.0
520,,Over The Hedge,,,,,430.0,339795890.0,155019340.0,0.46,184776550.0,0.54,2006.0
521,,300 Rise Of An Empire,,,,,431.0,337580051.0,106580051.0,0.32,231000000.0,0.68,2014.0
522,,Prince Of Persia The Sands Of Time,,,,,433.0,336365676.0,90759676.0,0.27,245606000.0,0.73,2009.0
523,,The Curious Case Of Benjamin Button,,,,,434.0,335802786.0,127509326.0,0.38,208293460.0,0.62,2008.0
524,,Journey 2 The Mysterious Island,,,,,435.0,335260290.0,103860290.0,0.31,231400000.0,0.69,2012.0
525,,The Rock,,,,,436.0,335062621.0,134069511.0,0.4,200993110.0,0.6,1996.0
526,,The Great Wall,,,,,437.0,334933831.0,45540830.0,0.14,289393001.0,0.86,2016.0
527,,Now You See Me 2,,,,,438.0,334897606.0,65075540.0,0.19,269822066.0,0.81,2016.0
528,,Never Say Die,,,,,439.0,334530869.0,0.0,0.0,334530869.0,1.0,2017.0
529,,Sing 2,,,,,440.0,333814755.0,148338755.0,0.44,185476000.0,0.56,2021.0
530,,Fantastic Four,,,,,441.0,333535934.0,154696080.0,0.46,178839854.0,0.54,2005.0
531,,Tomorrow Never Dies,,,,,443.0,333011068.0,125304276.0,0.38,207706792.0,0.62,1997.0
532,,Back To The Future Part Ii,,,,,444.0,332500002.0,119000002.0,0.36,213500000.0,0.64,1989.0
533,,The Good Dinosaur,,,,,445.0,332207671.0,123087120.0,0.37,209120551.0,0.63,2015.0
534,,Free Guy,,,,,446.0,331526598.0,121626598.0,0.37,209900000.0,0.63,2021.0
535,,22 Jump Street,,,,,447.0,331333876.0,191719337.0,0.58,139614539.0,0.42,2014.0
536,,Meet The Parents,,,,,448.0,330444045.0,166244045.0,0.5,164200000.0,0.5,2000.0
537,,Who Framed Roger Rabbit,,,,,449.0,329803958.0,156452370.0,0.47,173351588.0,0.53,1988.0
538,,Black Swan,,,,,450.0,329398046.0,106954678.0,0.32,222443368.0,0.68,2010.0
539,,The Perfect Storm,,,,,451.0,328718434.0,182618434.0,0.56,146100000.0,0.44,2000.0
540,,Crazy Alien,,,,,453.0,327598891.0,0.0,0.0,327598891.0,1.0,2019.0
541,,Se7En,,,,,454.0,327333559.0,100125643.0,0.31,227207916.0,0.69,1995.0
542,,John Wick Chapter 3 0 Parabellum,,,,,455.0,327281779.0,171015687.0,0.52,156266092.0,0.48,2019.0
543,,The Devil Wears Prada,,,,,456.0,326706115.0,124740460.0,0.38,201965655.0,0.62,2006.0
544,,Taken 3,,,,,457.0,326479141.0,89256424.0,0.27,237222717.0,0.73,2015.0
545,,The Hunchback Of Notre Dame,,,,,458.0,325338851.0,100138851.0,0.31,225200000.0,0.69,1996.0
546,,A Christmas Carol,,,,,459.0,325286646.0,137855863.0,0.42,187430783.0,0.58,2009.0
547,,The Spongebob Movie Sponge Out Of Water,,,,,460.0,325186032.0,162994032.0,0.5,162192000.0,0.5,2015.0
548,,SchindlerS List,,,,,461.0,322161245.0,96898818.0,0.3,225262427.0,0.7,1993.0
549,,Megamind,,,,,462.0,321885765.0,148415853.0,0.46,173469912.0,0.54,2010.0
550,,The Conjuring 2,,,,,463.0,321788219.0,102470008.0,0.32,219318211.0,0.68,2016.0
551,,Green Book,,,,,464.0,321752656.0,85080171.0,0.26,236672485.0,0.74,2018.0
552,,Lethal Weapon 3,,,,,465.0,321731527.0,144731527.0,0.45,177000000.0,0.55,1992.0
553,,The Ugly Truth,,,,,466.0,321682600.0,88915214.0,0.28,232767386.0,0.72,2009.0
554,,Robin Hood,,,,,467.0,321669741.0,105269730.0,0.33,216400011.0,0.67,2010.0
555,,Inglourious Basterds,,,,,468.0,321457747.0,120540719.0,0.37,200917028.0,0.63,2009.0
556,,101 Dalmatians,,,,,469.0,320689294.0,136189294.0,0.42,184500000.0,0.58,1996.0
557,,The Conjuring,,,,,470.0,320360015.0,137400141.0,0.43,182959874.0,0.57,2013.0
558,,Sonic The Hedgehog,,,,,472.0,319715683.0,148974665.0,0.47,170741018.0,0.53,2020.0
559,,The Last Airbender,,,,,473.0,319713881.0,131772187.0,0.41,187941694.0,0.59,2010.0
560,,The Proposal,,,,,474.0,317375031.0,163958031.0,0.52,153417000.0,0.48,2009.0
561,,A Beautiful Mind,,,,,475.0,316791257.0,170742341.0,0.54,146048916.0,0.46,2001.0
562,,Air Force One,,,,,477.0,315156409.0,172956409.0,0.55,142200000.0,0.45,1997.0
563,,The Expendables 2,,,,,478.0,314975955.0,85028192.0,0.27,229947763.0,0.73,2012.0
564,,Chicken Little,,,,,479.0,314432837.0,135386665.0,0.43,179046172.0,0.57,2005.0
565,,The Polar Express,,,,,480.0,314215454.0,187935490.0,0.6,126279964.0,0.4,2004.0
566,,As Good As It Gets,,,,,481.0,314178011.0,148478011.0,0.47,165700000.0,0.53,1997.0
567,,Maze Runner The Scorch Trials,,,,,482.0,312296056.0,81697192.0,0.26,230598864.0,0.74,2015.0
568,,Resident Evil The Final Chapter,,,,,483.0,312242626.0,26830068.0,0.09,285412558.0,0.91,2016.0
569,,The Lego Batman Movie,,,,,485.0,311950384.0,175750384.0,0.56,136200000.0,0.44,2017.0
570,,Knives Out,,,,,486.0,311605581.0,165363234.0,0.53,146242347.0,0.47,2019.0
571,,OceanS Thirteen,,,,,487.0,311312624.0,117154724.0,0.38,194157900.0,0.62,2007.0
572,,Little Fockers,,,,,488.0,310650585.0,148438600.0,0.48,162211985.0,0.52,2010.0
573,,Bolt,,,,,489.0,309979994.0,114053579.0,0.37,195926415.0,0.63,2008.0
574,,Ransom,,,,,490.0,309492681.0,136492681.0,0.44,173000000.0,0.56,1996.0
575,,Runaway Bride,,,,,491.0,309460292.0,152257509.0,0.49,157202783.0,0.51,1999.0
576,,The Blind Side,,,,,492.0,309208309.0,255959475.0,0.83,53248834.0,0.17,2009.0
577,,The Ex0File 3 The Return Of The Exes,,,,,493.0,307592427.0,838959.0,0.0,306753468.0,1.0,2017.0
578,,The Fault In Our Stars,,,,,494.0,307166834.0,124872350.0,0.41,182294484.0,0.59,2014.0
579,,The Pursuit Of Happyness,,,,,495.0,307127625.0,163566459.0,0.53,143561166.0,0.47,2006.0
580,,Rise Of The Guardians,,,,,496.0,306941670.0,103412758.0,0.34,203528912.0,0.66,2012.0
581,,Chicago,,,,,498.0,306776732.0,170687518.0,0.56,136089214.0,0.44,2002.0
582,,Annabelle Creation,,,,,499.0,306515884.0,102092201.0,0.33,204423683.0,0.67,2017.0
583,,Wonder,,,,,500.0,306209289.0,132422809.0,0.43,173786480.0,0.57,2017.0
584,,Skyscraper,,,,,501.0,304868961.0,68420120.0,0.22,236448841.0,0.78,2018.0
585,,A Good Day To Die Hard,,,,,502.0,304654182.0,67349198.0,0.22,237304984.0,0.78,2013.0
586,,Mulan,,,,,503.0,304320254.0,120620254.0,0.4,183700000.0,0.6,1998.0
587,,Dangal,,,,,504.0,303723636.0,12391761.0,0.04,291331875.0,0.96,2016.0
588,,Passengers,,,,,505.0,303144152.0,100014699.0,0.33,203129453.0,0.67,2016.0
589,,Battleship,,,,,506.0,303025485.0,65422625.0,0.22,237602860.0,0.78,2012.0
590,,Gi Joe The Rise Of Cobra,,,,,508.0,302469017.0,150201498.0,0.5,152267519.0,0.5,2009.0
591,,Wrath Of The Titans,,,,,509.0,301970083.0,83670083.0,0.28,218300000.0,0.72,2012.0
592,,Fantastic 4 Rise Of The Silver Surfer,,,,,510.0,301913131.0,131921738.0,0.44,169991393.0,0.56,2007.0
593,,Hook,,,,,511.0,300854823.0,119654823.0,0.4,181200000.0,0.6,1991.0
594,,Rocky Iv,,,,,512.0,300473716.0,127873716.0,0.43,172600000.0,0.57,1985.0
595,,Resident Evil Afterlife,,,,,515.0,300228084.0,60128566.0,0.2,240099518.0,0.8,2010.0
596,,Van Helsing,,,,,516.0,300157638.0,120177084.0,0.4,179980554.0,0.6,2004.0
597,,Stuart Little,,,,,517.0,300135367.0,140035367.0,0.47,160100000.0,0.53,1999.0
598,,Beverly Hills Cop Ii,,,,,518.0,299965036.0,153665036.0,0.51,146300000.0,0.49,1987.0
599,,Alice Through The Looking Glass,,,,,519.0,299820798.0,77041381.0,0.26,222779417.0,0.74,2016.0
600,,My Best FriendS Wedding,,,,,520.0,299288605.0,127120029.0,0.42,172168576.0,0.58,1997.0
601,,Real Steel,,,,,521.0,299268508.0,85468508.0,0.29,213800000.0,0.71,2011.0
602,,Horton Hears A Who,,,,,522.0,298572799.0,154529439.0,0.52,144043360.0,0.48,2008.0
603,,OceanS Eight,,,,,523.0,297718711.0,140218711.0,0.47,157500000.0,0.53,2018.0
604,,A Quiet Place Part Ii,,,,,524.0,297372261.0,160072261.0,0.54,137300000.0,0.46,2021.0
605,,The Divergent Series Insurgent,,,,,525.0,297002527.0,130179072.0,0.44,166823455.0,0.56,2015.0
606,,Look WhoS Talking,,,,,526.0,296999813.0,140088813.0,0.47,156911000.0,0.53,1989.0
607,,Austin Powers In Goldmember,,,,,527.0,296938801.0,213307889.0,0.72,83630912.0,0.28,2002.0
608,,Miss PeregrineS Home For Peculiar Children,,,,,529.0,296482446.0,87242834.0,0.29,209239612.0,0.71,2016.0
609,,X0Men,,,,,530.0,296339528.0,157299718.0,0.53,139039810.0,0.47,2000.0
610,,Ferdinand,,,,,531.0,296069199.0,84410380.0,0.29,211658819.0,0.71,2017.0
611,,Shutter Island,,,,,532.0,294805697.0,128012934.0,0.43,166792763.0,0.57,2010.0
612,,Doctor Dolittle,,,,,533.0,294456605.0,144156605.0,0.49,150300000.0,0.51,1998.0
613,,Bee Movie,,,,,534.0,293514336.0,126631277.0,0.43,166883059.0,0.57,2007.0
614,,Salt,,,,,535.0,293503354.0,118311368.0,0.4,175191986.0,0.6,2010.0
615,,G0Force,,,,,536.0,292817898.0,119436770.0,0.41,173381128.0,0.59,2009.0
616,,The Departed,,,,,537.0,291465373.0,132384315.0,0.45,159081058.0,0.55,2006.0
617,,What Lies Beneath,,,,,538.0,291420351.0,155464351.0,0.53,135956000.0,0.47,2000.0
618,,Pacific Rim Uprising,,,,,539.0,290930148.0,59874525.0,0.21,231055623.0,0.79,2018.0
619,,The Bourne Supremacy,,,,,540.0,290835269.0,176241941.0,0.61,114593328.0,0.39,2004.0
620,,Sex And The City 2,,,,,541.0,290745055.0,95347692.0,0.33,195397363.0,0.67,2010.0
621,,Shakespeare In Love,,,,,542.0,289317794.0,100317794.0,0.35,189000000.0,0.65,1998.0
622,,Divergent,,,,,543.0,288885818.0,150947895.0,0.52,137937923.0,0.48,2014.0
623,,Coming To America,,,,,544.0,288752301.0,128152301.0,0.44,160600000.0,0.56,1988.0
624,,Wedding Crashers,,,,,545.0,288467645.0,209255921.0,0.73,79211724.0,0.27,2005.0
625,,Bridesmaids,,,,,546.0,288383523.0,169106725.0,0.59,119276798.0,0.41,2011.0
626,,Maze Runner The Death Cure,,,,,547.0,288175335.0,58032443.0,0.2,230142892.0,0.8,2018.0
627,,Casper,,,,,548.0,287928194.0,100328194.0,0.35,187600000.0,0.65,1995.0
628,,American Pie 2,,,,,549.0,287553595.0,145103595.0,0.5,142450000.0,0.5,2001.0
629,,Pitch Perfect 2,,,,,550.0,287144079.0,184296230.0,0.64,102847849.0,0.36,2015.0
630,,The Green Mile,,,,,551.0,286801374.0,136801374.0,0.48,150000000.0,0.52,1999.0
631,,Oblivion,,,,,552.0,286168572.0,89107235.0,0.31,197061337.0,0.69,2013.0
632,,Elysium,,,,,553.0,286140700.0,93050117.0,0.33,193090583.0,0.67,2013.0
633,,Lethal Weapon 4,,,,,554.0,285444603.0,130444603.0,0.46,155000000.0,0.54,1998.0
634,,John Carter,,,,,555.0,284139100.0,73078100.0,0.26,211061000.0,0.74,2012.0
635,,Turbo,,,,,556.0,282570682.0,83028128.0,0.29,199542554.0,0.71,2013.0
636,,Paddington,,,,,557.0,282377683.0,76271832.0,0.27,206105851.0,0.73,2014.0
637,,Bridget JonesS Diary,,,,,558.0,281995610.0,71543427.0,0.25,210452183.0,0.75,2001.0
638,,The Tourist,,,,,559.0,278780441.0,67631157.0,0.24,211149284.0,0.76,2010.0
639,,Split,,,,,560.0,278454417.0,138291365.0,0.5,140163052.0,0.5,2017.0
640,,Scary Movie,,,,,561.0,278019771.0,157019771.0,0.56,121000000.0,0.44,2000.0
641,,Xxx,,,,,562.0,277448382.0,142109382.0,0.51,135339000.0,0.49,2002.0
642,,The Bourne Legacy,,,,,563.0,276144750.0,113203870.0,0.41,162940880.0,0.59,2012.0
643,,Mr Peabody  Sherman,,,,,564.0,275698039.0,111506430.0,0.4,164191609.0,0.6,2014.0
644,,Scooby0Doo,,,,,565.0,275650703.0,153294164.0,0.56,122356539.0,0.44,2002.0
645,,Lincoln,,,,,566.0,275293450.0,182207973.0,0.66,93085477.0,0.34,2012.0
646,,Lara Croft Tomb Raider,,,,,567.0,274703340.0,131168070.0,0.48,143535270.0,0.52,2001.0
647,,Tomb Raider,,,,,568.0,274650803.0,58250803.0,0.21,216400000.0,0.79,2018.0
648,,The Expendables,,,,,569.0,274470394.0,103068524.0,0.38,171401870.0,0.62,2010.0
649,,Cloudy With A Chance Of Meatballs 2,,,,,570.0,274325949.0,119793567.0,0.44,154532382.0,0.56,2013.0
650,,The Nutty Professor,,,,,571.0,273961019.0,128814019.0,0.47,145147000.0,0.53,1996.0
651,,Jerry Maguire,,,,,572.0,273552592.0,153952592.0,0.56,119600000.0,0.44,1996.0
652,,Bad Boys Ii,,,,,573.0,273339556.0,138608444.0,0.51,134731112.0,0.49,2003.0
653,,Lilo  Stitch,,,,,574.0,273144151.0,145794338.0,0.53,127349813.0,0.47,2002.0
654,,The Silence Of The Lambs,,,,,575.0,272742922.0,130742922.0,0.48,142000000.0,0.52,1991.0
655,,Grown Ups,,,,,576.0,271457301.0,162001186.0,0.6,109456115.0,0.4,2010.0
656,,Neighbors,,,,,577.0,270665134.0,150157400.0,0.55,120507734.0,0.45,2014.0
657,,The Firm,,,,,578.0,270248367.0,158348367.0,0.59,111900000.0,0.41,1993.0
658,,WeRe The Millers,,,,,579.0,269994119.0,150394119.0,0.56,119600000.0,0.44,2012.0
659,,Gran Torino,,,,,580.0,269958228.0,148095302.0,0.55,121862926.0,0.45,2008.0
660,,10000 Bc,,,,,581.0,269784201.0,94784201.0,0.35,175000000.0,0.65,2008.0
661,,American Gangster,,,,,582.0,269755430.0,130164645.0,0.48,139590785.0,0.52,2007.0
662,,Epic,,,,,583.0,268426634.0,107518682.0,0.4,160907952.0,0.6,2013.0
663,,Exodus Gods And Kings,,,,,584.0,268175631.0,65014513.0,0.24,203161118.0,0.76,2014.0
664,,The Princess And The Frog,,,,,586.0,267045765.0,104400899.0,0.39,162644866.0,0.61,2009.0
665,,Batman Returns,,,,,587.0,266892996.0,162902340.0,0.61,103990656.0,0.39,1992.0
666,,Indecent Proposal,,,,,588.0,266614059.0,106614059.0,0.4,160000000.0,0.6,1993.0
667,,SomethingS Gotta Give,,,,,589.0,265328738.0,124728738.0,0.47,140600000.0,0.53,2003.0
668,,Bridget Jones The Edge Of Reason,,,,,590.0,265126918.0,40226215.0,0.15,224900703.0,0.85,2004.0
669,,The Incredible Hulk,,,,,591.0,264770996.0,134806913.0,0.51,129964083.0,0.49,2008.0
670,,Waterworld,,,,,592.0,264218220.0,88246220.0,0.33,175972000.0,0.67,1995.0
671,,The Truman Show,,,,,593.0,264118201.0,125618201.0,0.48,138500000.0,0.52,1998.0
672,,CharlieS Angels,,,,,594.0,264105545.0,125305545.0,0.47,138800000.0,0.53,2000.0
673,,The Fifth Element,,,,,595.0,263920180.0,63820180.0,0.24,200100000.0,0.76,1997.0
674,,Parasite,,,,,596.0,263020130.0,53369749.0,0.2,209650381.0,0.8,2019.0
675,,Jumanji,,,,,597.0,262821940.0,100499940.0,0.38,162322000.0,0.62,1995.0
676,,Borat Cultural Learnings Of America For Make Benefit Glorious Nation Of Kazakhstan,,,,,598.0,262552893.0,128505958.0,0.49,134046935.0,0.51,2006.0
677,,Robots,,,,,599.0,262511490.0,128200012.0,0.49,134311478.0,0.51,2005.0
678,,Knight And Day,,,,,600.0,261989769.0,76423035.0,0.29,185566734.0,0.71,2008.0
679,,Total Recall,,,,,601.0,261317921.0,119412921.0,0.46,141905000.0,0.54,1990.0
680,,Total Recall,,,,,858.0,198467168.0,58877969.0,0.3,139589199.0,0.7,2012.0
681,,This Is It,,,,,602.0,261183588.0,72091016.0,0.28,189092572.0,0.72,2009.0
682,,Terminator Dark Fate,,,,,603.0,261119292.0,62253077.0,0.24,198866215.0,0.76,2019.0
683,,The Lone Ranger,,,,,604.0,260502115.0,89302115.0,0.34,171200000.0,0.66,2013.0
684,,Super 8,,,,,605.0,260095986.0,127004179.0,0.49,133091807.0,0.51,2011.0
685,,Mojin The Lost Legend,,,,,606.0,259368448.0,1243810.0,0.0,258124638.0,1.0,2015.0
686,,Blade Runner 2049,,,,,607.0,259334548.0,92054159.0,0.35,167280389.0,0.65,2017.0
687,,CharlieS Angels Full Throttle,,,,,608.0,259175788.0,100830111.0,0.39,158345677.0,0.61,2003.0
688,,Rush Hour 3,,,,,609.0,258097122.0,140125968.0,0.54,117971154.0,0.46,2007.0
689,,The Full Monty,,,,,610.0,257938649.0,45950122.0,0.18,211988527.0,0.82,1997.0
690,,Kung Fu Yoga,,,,,611.0,257753889.0,362657.0,0.0,257391232.0,1.0,2017.0
691,,Annabelle,,,,,612.0,257579282.0,84273813.0,0.33,173305469.0,0.67,2014.0
692,,The Village,,,,,613.0,256697520.0,114197520.0,0.44,142500000.0,0.56,2003.0
693,,Lost In Hong Kong,,,,,614.0,256283912.0,1302281.0,0.01,254981631.0,0.99,2015.0
694,,Erin Brockovich,,,,,615.0,256271286.0,125595205.0,0.49,130676081.0,0.51,2000.0
695,,Pegasus,,,,,616.0,255863112.0,0.0,0.0,255863112.0,1.0,2019.0
696,,Marley  Me,,,,,617.0,255743093.0,143153751.0,0.56,112589342.0,0.44,2008.0
697,,Halloween,,,,,618.0,255614941.0,159342015.0,0.62,96272926.0,0.38,2018.0
698,,Get Out,,,,,619.0,255589157.0,176040665.0,0.69,79548492.0,0.31,2016.0
699,,Us,,,,,620.0,255185482.0,175084580.0,0.69,80100902.0,0.31,2019.0
700,,Cliffhanger,,,,,621.0,255000211.0,84049211.0,0.33,170951000.0,0.67,1993.0
701,,Baahubali 2 The Conclusion,,,,,622.0,254158390.0,20186659.0,0.08,233971731.0,0.92,2017.0
702,,Babe,,,,,623.0,254134910.0,63658910.0,0.25,190476000.0,0.75,1995.0
703,,Men In Black International,,,,,624.0,253890701.0,80001807.0,0.32,173888894.0,0.68,2019.0
704,,Wild Hogs,,,,,625.0,253625427.0,168273550.0,0.66,85351877.0,0.34,2007.0
705,,High School Musical 3 Senior Year,,,,,626.0,252909177.0,90559416.0,0.36,162349761.0,0.64,2008.0
706,,Hercules,,,,,627.0,252712101.0,99112101.0,0.39,153600000.0,0.61,1997.0
707,,Hercules,,,,,658.0,244819862.0,72688614.0,0.3,172131248.0,0.7,2014.0
708,,X0Men Dark Phoenix,,,,,628.0,252442974.0,65845974.0,0.26,186597000.0,0.74,2019.0
709,,True Grit,,,,,629.0,252276927.0,171243005.0,0.68,81033922.0,0.32,2010.0
710,,Bean,,,,,630.0,251212670.0,45319423.0,0.18,205893247.0,0.82,1997.0
711,,American Hustle,,,,,631.0,251171807.0,150117807.0,0.6,101054000.0,0.4,2013.0
712,,Enemy Of The State,,,,,632.0,250849789.0,111549836.0,0.44,139299953.0,0.56,1998.0
713,,YouVe Got Mail,,,,,633.0,250821495.0,115821495.0,0.46,135000000.0,0.54,1998.0
714,,Eragon,,,,,634.0,250425512.0,75030163.0,0.3,175395349.0,0.7,2006.0
715,,Brother Bear,,,,,635.0,250397798.0,85336277.0,0.34,165061521.0,0.66,2003.0
716,,The Mask Of Zorro,,,,,636.0,250288523.0,94095523.0,0.38,156193000.0,0.62,1998.0
717,,The Ring,,,,,637.0,249348933.0,129128133.0,0.52,120220800.0,0.48,2002.0
718,,The Blair Witch Project,,,,,638.0,248639099.0,140539099.0,0.57,108100000.0,0.43,1999.0
719,,Unbreakable,,,,,639.0,248118121.0,95011339.0,0.38,153106782.0,0.62,2000.0
720,,Journey To The West The Demons Strike Back,,,,,640.0,247585244.0,880346.0,0.0,246704898.0,1.0,2017.0
721,,Dumb And Dumber,,,,,641.0,247275374.0,127175374.0,0.51,120100000.0,0.49,1994.0
722,,Glass,,,,,642.0,246999039.0,111048468.0,0.45,135950571.0,0.55,2019.0
723,,Grown Ups 2,,,,,643.0,246984278.0,133668525.0,0.54,113315753.0,0.46,2013.0
724,,The Peanuts Movie,,,,,644.0,246233113.0,130178411.0,0.53,116054702.0,0.47,2015.0
725,,Rango,,,,,646.0,245724603.0,123477607.0,0.5,122246996.0,0.5,2011.0
726,,Four Weddings And A Funeral,,,,,647.0,245700832.0,52700832.0,0.21,193000000.0,0.79,1994.0
727,,FaceOff,,,,,648.0,245676146.0,112276146.0,0.46,133400000.0,0.54,1997.0
728,,Teenage Mutant Ninja Turtles Out Of The Shadows,,,,,649.0,245623848.0,82051601.0,0.33,163572247.0,0.67,2016.0
729,,Dark Shadows,,,,,650.0,245527149.0,79727149.0,0.32,165800000.0,0.68,2012.0
730,,Dolittle,,,,,651.0,245438444.0,77047065.0,0.31,168391379.0,0.69,2020.0
731,,Hulk,,,,,652.0,245285165.0,132177234.0,0.54,113107931.0,0.46,2003.0
732,,Love Actually,,,,,653.0,245203167.0,59696144.0,0.24,185507023.0,0.76,2003.0
733,,The Bravest,,,,,654.0,245179562.0,290217.0,0.0,244889345.0,1.0,2019.0
734,,Welcome To The Sticks,,,,,655.0,245144417.0,0.0,0.0,245144417.0,1.0,2008.0
735,,Back To The Future Part Iii,,,,,656.0,245077583.0,88277583.0,0.36,156800000.0,0.64,1990.0
736,,Pixels,,,,,657.0,244874809.0,78747585.0,0.32,166127224.0,0.68,2015.0
737,,Rush Hour,,,,,659.0,244721064.0,141186864.0,0.58,103534200.0,0.42,1998.0
738,,Journey To The Center Of The Earth,,,,,660.0,244232688.0,101704370.0,0.42,142528318.0,0.58,2008.0
739,,Encanto,,,,,661.0,243767032.0,95004134.0,0.39,148762898.0,0.61,2021.0
740,,After Earth,,,,,662.0,243611982.0,60522097.0,0.25,183089885.0,0.75,2013.0
741,,A Few Good Men,,,,,663.0,243240178.0,141340178.0,0.58,101900000.0,0.42,1992.0
742,,Cloudy With A Chance Of Meatballs,,,,,664.0,243006126.0,124870275.0,0.51,118135851.0,0.49,2009.0
743,,8 Mile,,,,,665.0,242875078.0,116750901.0,0.48,126124177.0,0.52,2002.0
744,,DaddyS Home,,,,,666.0,242786137.0,150357137.0,0.62,92429000.0,0.38,2015.0
745,,Robocop,,,,,667.0,242688965.0,58607007.0,0.24,184081958.0,0.76,2014.0
746,,Eraser,,,,,668.0,242295562.0,101295562.0,0.42,141000000.0,0.58,1996.0
747,,Alien Covenant,,,,,669.0,240891763.0,74262031.0,0.31,166629732.0,0.69,2017.0
748,,Sully,,,,,670.0,240797623.0,125070033.0,0.52,115727590.0,0.48,2016.0
749,,AssassinS Creed,,,,,671.0,240697856.0,54647948.0,0.23,186049908.0,0.77,2016.0
750,,Click,,,,,672.0,240685326.0,137355633.0,0.57,103329693.0,0.43,2006.0
751,,Legend Of Deification,,,,,673.0,240663149.0,214670.0,0.0,240448479.0,1.0,2020.0
752,,Resident Evil Retribution,,,,,674.0,240159255.0,42345531.0,0.18,197813724.0,0.82,2012.0
753,,Die Hard 2,,,,,675.0,240031274.0,117540947.0,0.49,122490327.0,0.51,1990.0
754,,Crocodile Dundee Ii,,,,,676.0,239606210.0,109306210.0,0.46,130300000.0,0.54,1988.0
755,,Planes,,,,,677.0,239258712.0,90288712.0,0.38,148970000.0,0.62,2013.0
756,,Crazy Rich Asians,,,,,678.0,238539198.0,174532921.0,0.73,64006277.0,0.27,2018.0
757,,Batman  Robin,,,,,679.0,238235719.0,107353792.0,0.45,130881927.0,0.55,1997.0
758,,Downton Abbey,,,,,680.0,237860050.0,96854135.0,0.41,141005915.0,0.59,2019.0
759,,GulliverS Travels,,,,,681.0,237382724.0,42779261.0,0.18,194603463.0,0.82,2010.0
760,,Gone In 60 Seconds,,,,,682.0,237202299.0,101648571.0,0.43,135553728.0,0.57,2000.0
761,,Silver Linings Playbook,,,,,684.0,236412453.0,132092958.0,0.56,104319495.0,0.44,2012.0
762,,2 Fast 2 Furious,,,,,685.0,236350661.0,127154901.0,0.54,109195760.0,0.46,2003.0
763,,HowlS Moving Castle,,,,,686.0,236284206.0,5576743.0,0.02,230707463.0,0.98,2004.0
764,,Hidden Figures,,,,,687.0,235956898.0,169607287.0,0.72,66349611.0,0.28,2016.0
765,,Ai Artificial Intelligence,,,,,688.0,235926552.0,78616689.0,0.33,157309863.0,0.67,2001.0
766,,Dead Poets Society,,,,,689.0,235860116.0,95860116.0,0.41,140000000.0,0.59,1989.0
767,,Spy,,,,,690.0,235666219.0,110825712.0,0.47,124840507.0,0.53,2015.0
768,,American Pie,,,,,691.0,235483004.0,102561004.0,0.44,132922000.0,0.56,1999.0
769,,American Reunion,,,,,692.0,234989584.0,57011521.0,0.24,177978063.0,0.76,2012.0
770,,Big Daddy,,,,,693.0,234801895.0,163479795.0,0.7,71322100.0,0.3,1999.0
771,,Alvin And The Chipmunks The Road Chip,,,,,694.0,234798636.0,85886987.0,0.37,148911649.0,0.63,2015.0
772,,The Imitation Game,,,,,695.0,233555708.0,91125683.0,0.39,142430025.0,0.61,2014.0
773,,Cruella,,,,,696.0,233503234.0,86103234.0,0.37,147400000.0,0.63,2021.0
774,,The Day The Earth Stood Still,,,,,697.0,233093859.0,79366978.0,0.34,153726881.0,0.66,2008.0
775,,American Wedding,,,,,698.0,232722935.0,104565114.0,0.45,128157821.0,0.55,2003.0
776,,The Girl With The Dragon Tattoo,,,,,699.0,232617430.0,102515793.0,0.44,130101637.0,0.56,2011.0
777,,Juno,,,,,700.0,232372681.0,143495265.0,0.62,88877416.0,0.38,2007.0
778,,Argo,,,,,701.0,232325503.0,136025503.0,0.59,96300000.0,0.41,2012.0
779,,Mr BeanS Holiday,,,,,702.0,232225908.0,33302167.0,0.14,198923741.0,0.86,2007.0
780,,The English Patient,,,,,703.0,231976425.0,78676425.0,0.34,153300000.0,0.66,1996.0
781,,Sister Act,,,,,704.0,231605150.0,139605150.0,0.6,92000000.0,0.4,1992.0
782,,Annabelle Comes Home,,,,,705.0,231252591.0,74152591.0,0.32,157100000.0,0.68,2019.0
783,,Constantine,,,,,706.0,230884728.0,75976178.0,0.33,154908550.0,0.67,2005.0
784,,Get Smart,,,,,707.0,230685453.0,130319208.0,0.56,100366245.0,0.44,2008.0
785,,Space Jam,,,,,708.0,230418342.0,90418342.0,0.39,140000000.0,0.61,1996.0
786,,Life Is Beautiful,,,,,709.0,230098753.0,57563264.0,0.25,172535489.0,0.75,1998.0
787,,The Heat,,,,,710.0,229930771.0,159582188.0,0.69,70348583.0,0.31,1996.0
788,,Ghost Rider,,,,,712.0,228738393.0,115802596.0,0.51,112935797.0,0.49,2007.0
789,,Goodbye Mr Loser,,,,,713.0,228122928.0,1293626.0,0.01,226829302.0,0.99,2015.0
790,,Paddington 2,,,,,714.0,227978645.0,40891591.0,0.18,187087054.0,0.82,2017.0
791,,Sleepless In Seattle,,,,,715.0,227927165.0,126808165.0,0.56,101119000.0,0.44,1993.0
792,,Lethal Weapon 2,,,,,716.0,227853986.0,147253986.0,0.65,80600000.0,0.35,1989.0
793,,The Green Hornet,,,,,717.0,227817248.0,98780042.0,0.43,129037206.0,0.57,2011.0
794,,Out Of Africa,,,,,718.0,227514205.0,87071205.0,0.38,140443000.0,0.62,1985.0
795,,Youth,,,,,719.0,227091290.0,1891956.0,0.01,225199334.0,0.99,2017.0
796,,Baby Driver,,,,,720.0,226945087.0,107825862.0,0.48,119119225.0,0.52,2017.0
797,,Immortals,,,,,721.0,226904017.0,83504017.0,0.37,143400000.0,0.63,2011.0
798,,Taken,,,,,722.0,226837760.0,145000989.0,0.64,81836771.0,0.36,2008.0
799,,Percy Jackson  The Olympians The Lightning Thief,,,,,723.0,226497209.0,88768303.0,0.39,137728906.0,0.61,2010.0
800,,Hansel  Gretel Witch Hunters,,,,,724.0,226349749.0,55703475.0,0.25,170646274.0,0.75,2013.0
801,,Valerian And The City Of A Thousand Planets,,,,,725.0,225973340.0,41189488.0,0.18,184783852.0,0.82,2017.0
802,,Good Will Hunting,,,,,726.0,225933435.0,138433435.0,0.61,87500000.0,0.39,1997.0
803,,Better Days,,,,,727.0,225918798.0,1921657.0,0.01,223997141.0,0.99,2019.0
804,,Ford V Ferrari,,,,,728.0,225508210.0,117624357.0,0.52,107883853.0,0.48,2019.0
805,,Jumper,,,,,729.0,225132113.0,80172128.0,0.36,144959985.0,0.64,2008.0
806,,The Social Network,,,,,730.0,224920375.0,96962694.0,0.43,127957681.0,0.57,2010.0
807,,Chicken Run,,,,,731.0,224834564.0,106834564.0,0.48,118000000.0,0.52,2000.0
808,,Con Air,,,,,732.0,224012234.0,101117573.0,0.45,122894661.0,0.55,1997.0
809,,Elf,,,,,733.0,223853736.0,176630408.0,0.79,47223328.0,0.21,2003.0
810,,Interview With The Vampire The Vampire Chronicles,,,,,734.0,223664608.0,105264608.0,0.47,118400000.0,0.53,1994.0
811,,Flightplan,,,,,735.0,223387299.0,89707299.0,0.4,133680000.0,0.6,2005.0
812,,Yes Man,,,,,736.0,223241637.0,97690976.0,0.44,125550661.0,0.56,2008.0
813,,Non0Stop,,,,,737.0,222809600.0,92168600.0,0.41,130641000.0,0.59,2014.0
814,,Honey I Shrunk The Kids,,,,,738.0,222724172.0,130724172.0,0.59,92000000.0,0.41,1989.0
815,,Fahrenheit 911,,,,,739.0,222446882.0,119194771.0,0.54,103252111.0,0.46,2004.0
816,,Wild Wild West,,,,,740.0,222104681.0,113804681.0,0.51,108300000.0,0.49,1999.0
817,,My Country My Parents,,,,,741.0,221701823.0,166807.0,0.0,221535016.0,1.0,2021.0
818,,Geostorm,,,,,742.0,221600160.0,33700160.0,0.15,187900000.0,0.85,2017.0
819,,Presumed Innocent,,,,,743.0,221303188.0,86303188.0,0.39,135000000.0,0.61,1990.0
820,,Jungle Cruise,,,,,744.0,220889446.0,116987516.0,0.53,103901930.0,0.47,2021.0
821,,Scary Movie 3,,,,,745.0,220673217.0,110003217.0,0.5,110670000.0,0.5,2003.0
822,,Collateral,,,,,746.0,220239925.0,101005703.0,0.46,119234222.0,0.54,2004.0
823,,Inferno,,,,,747.0,220021259.0,34343574.0,0.16,185677685.0,0.84,2016.0
824,,Knocked Up,,,,,748.0,219922417.0,148768917.0,0.68,71153500.0,0.32,2007.0
825,,Green Lantern,,,,,749.0,219851172.0,116601172.0,0.53,103250000.0,0.47,2011.0
826,,What Happens In Vegas,,,,,750.0,219375562.0,80277646.0,0.37,139097916.0,0.63,2008.0
827,,ItS Complicated,,,,,751.0,219103655.0,112735375.0,0.51,106368280.0,0.49,2009.0
828,,The Terminal,,,,,752.0,219100084.0,77872883.0,0.36,141227201.0,0.64,2004.0
829,,Captain Phillips,,,,,753.0,218791811.0,107100855.0,0.49,111690956.0,0.51,2013.0
830,,The Prince Of Egypt,,,,,754.0,218613188.0,101413188.0,0.46,117200000.0,0.54,1998.0
831,,Jack Reacher,,,,,755.0,218340595.0,80070736.0,0.37,138269859.0,0.63,2012.0
832,,Kingdom Of Heaven,,,,,756.0,218122627.0,47398413.0,0.22,170724214.0,0.78,2005.0
833,,The Emoji Movie,,,,,757.0,217776646.0,86089513.0,0.4,131687133.0,0.6,2017.0
834,,Dracula Untold,,,,,758.0,217124280.0,56280355.0,0.26,160843925.0,0.74,2014.0
835,,Too Cool To Kill,,,,,759.0,217106290.0,72432.0,0.0,217033858.0,1.0,2022.0
836,,Central Intelligence,,,,,760.0,216972543.0,127440871.0,0.59,89531672.0,0.41,2016.0
837,,Million Dollar Baby,,,,,761.0,216763646.0,100492203.0,0.46,116271443.0,0.54,2004.0
838,,The Help,,,,,762.0,216639112.0,169708112.0,0.78,46931000.0,0.22,2011.0
839,,Twins,,,,,763.0,216614388.0,111938388.0,0.52,104676000.0,0.48,1988.0
840,,Little Women,,,,,764.0,216601214.0,108101214.0,0.5,108500000.0,0.5,2019.0
841,,ValentineS Day,,,,,765.0,216485654.0,110485654.0,0.51,106000000.0,0.49,2010.0
842,,Bad Teacher,,,,,766.0,216197492.0,100292856.0,0.46,115904636.0,0.54,2011.0
843,,A Little Red Flower,,,,,767.0,216000000.0,0.0,0.0,216000000.0,1.0,2020.0
844,,The Croods 2 A New Age,,,,,768.0,215905815.0,58568815.0,0.27,157337000.0,0.73,2020.0
845,,Clear And Present Danger,,,,,769.0,215887717.0,122187717.0,0.57,93700000.0,0.43,1994.0
846,,Ted 2,,,,,771.0,215863606.0,81476385.0,0.38,134387221.0,0.62,2015.0
847,,Bram StokerS Dracula,,,,,772.0,215862692.0,82522790.0,0.38,133339902.0,0.62,1992.0
848,,Vertical Limit,,,,,773.0,215663859.0,69243859.0,0.32,146420000.0,0.68,2000.0
849,,Ghostbusters Ii,,,,,774.0,215394738.0,112494738.0,0.52,102900000.0,0.48,1989.0
850,,The Patriot,,,,,775.0,215294342.0,113330342.0,0.53,101964000.0,0.47,2000.0
851,,The SorcererS Apprentice,,,,,776.0,215283742.0,63150991.0,0.29,152132751.0,0.71,2010.0
852,,Just Go With It,,,,,777.0,214945591.0,103028109.0,0.48,111917482.0,0.52,2011.0
853,,The Expendables 3,,,,,778.0,214657577.0,39322544.0,0.18,175335033.0,0.82,2014.0
854,,Dirty Dancing,,,,,779.0,214577242.0,64577242.0,0.3,150000000.0,0.7,1987.0
855,,Creed Ii,,,,,780.0,214215889.0,115715889.0,0.54,98500000.0,0.46,2018.0
856,,Public Enemies,,,,,781.0,214104620.0,97104620.0,0.45,117000000.0,0.55,2009.0
857,,Smallfoot,,,,,782.0,214040103.0,83240103.0,0.39,130800000.0,0.61,2018.0
858,,The Bourne Identity,,,,,783.0,214034224.0,121661683.0,0.57,92372541.0,0.43,2002.0
859,,Disclosure,,,,,784.0,214015089.0,83015089.0,0.39,131000000.0,0.61,1994.0
860,,Pulp Fiction,,,,,785.0,213928762.0,107928762.0,0.5,106000000.0,0.5,1994.0
861,,The Aviator,,,,,786.0,213719942.0,102610330.0,0.48,111109612.0,0.52,2004.0
862,,Crouching Tiger Hidden Dragon,,,,,787.0,213525736.0,128078872.0,0.6,85446864.0,0.4,2000.0
863,,Braveheart,,,,,788.0,213216216.0,75609945.0,0.35,137606271.0,0.65,1995.0
864,,Into The Woods,,,,,789.0,212902372.0,128002372.0,0.6,84900000.0,0.4,2014.0
865,,Bedtime Stories,,,,,790.0,212874864.0,110101975.0,0.52,102772889.0,0.48,2008.0
866,,Miss Congeniality,,,,,791.0,212742720.0,106807667.0,0.5,105935053.0,0.5,2000.0
867,,Entrapment,,,,,792.0,212404396.0,87704396.0,0.41,124700000.0,0.59,1999.0
868,,Ace Ventura When Nature Calls,,,,,793.0,212385533.0,108385533.0,0.51,104000000.0,0.49,1995.0
869,,End Of Days,,,,,794.0,211989043.0,66889043.0,0.32,145100000.0,0.68,1999.0
870,,Bridget JonesS Baby,,,,,795.0,211952420.0,24252420.0,0.11,187700000.0,0.89,2016.0
871,,Fury,,,,,796.0,211822697.0,85817906.0,0.41,126004791.0,0.59,2014.0
872,,Battle Los Angeles,,,,,797.0,211819354.0,83552429.0,0.39,128266925.0,0.61,2011.0
873,,Australia,,,,,798.0,211787511.0,49554002.0,0.23,162233509.0,0.77,2008.0
874,,Due Date,,,,,799.0,211780824.0,100539043.0,0.47,111241781.0,0.53,2010.0
875,,Master And Commander The Far Side Of The World,,,,,800.0,211622535.0,93927920.0,0.44,117694615.0,0.56,2003.0
876,,A Series Of Unfortunate Events,,,,,801.0,211468235.0,118634549.0,0.56,92833686.0,0.44,2004.0
877,,The Little Mermaid,,,,,802.0,211343479.0,111543479.0,0.53,99800000.0,0.47,1989.0
878,,District 9,,,,,803.0,210888950.0,115646235.0,0.55,95242715.0,0.45,2009.0
879,,Moonraker,,,,,804.0,210308099.0,70308099.0,0.33,140000000.0,0.67,1979.0
880,,The Others,,,,,805.0,209947037.0,96522687.0,0.46,113424350.0,0.54,2001.0
881,,Horrible Bosses,,,,,806.0,209838559.0,117538559.0,0.56,92300000.0,0.44,2011.0
882,,Us And Them,,,,,807.0,209221380.0,0.0,0.0,209221380.0,1.0,2018.0
883,,Red Dragon,,,,,808.0,209196298.0,93149898.0,0.45,116046400.0,0.55,2002.0
884,,Tomorrowland,,,,,809.0,209035668.0,93436322.0,0.45,115599346.0,0.55,2015.0
885,,Me Before You,,,,,810.0,208314186.0,56245075.0,0.27,152069111.0,0.73,2016.0
886,,Safe House,,,,,811.0,208076205.0,126373434.0,0.61,81702771.0,0.39,2012.0
887,,Swat,,,,,812.0,207725639.0,116934650.0,0.56,90790989.0,0.44,2003.0
888,,Traffic,,,,,813.0,207515725.0,124115725.0,0.6,83400000.0,0.4,2000.0
889,,The Fast And The Furious,,,,,814.0,207305509.0,144533925.0,0.7,62771584.0,0.3,2001.0
890,,Paranormal Activity 3,,,,,815.0,207039844.0,104028807.0,0.5,103011037.0,0.5,2011.0
891,,Philadelphia,,,,,816.0,206678440.0,77446440.0,0.37,129232000.0,0.63,1993.0
892,,Sleepy Hollow,,,,,817.0,206071502.0,101071502.0,0.49,105000000.0,0.51,1999.0
893,,The Holiday,,,,,818.0,205850134.0,63224849.0,0.31,142625285.0,0.69,2006.0
894,,Raging Fire,,,,,819.0,205846481.0,385305.0,0.0,205461176.0,1.0,2021.0
895,,London Has Fallen,,,,,821.0,205754447.0,62524260.0,0.3,143230187.0,0.7,2016.0
896,,The Break0Up,,,,,822.0,205668210.0,118703275.0,0.58,86964935.0,0.42,2006.0
897,,Journey To The West,,,,,823.0,205637183.0,18058.0,0.0,205619125.0,1.0,2013.0
898,,Jfk,,,,,824.0,205405498.0,70405498.0,0.34,135000000.0,0.66,1991.0
899,,White House Down,,,,,825.0,205366737.0,73103784.0,0.36,132262953.0,0.64,2013.0
900,,A DogS Purpose,,,,,826.0,205035819.0,64508620.0,0.31,140527199.0,0.69,2017.0
901,,Ponyo,,,,,827.0,204826668.0,15743471.0,0.08,189083197.0,0.92,2008.0
902,,Fun With Dick And Jane,,,,,828.0,204681899.0,110332737.0,0.54,94349162.0,0.46,2005.0
903,,Eat Pray Love,,,,,829.0,204594016.0,80574010.0,0.39,124020006.0,0.61,2010.0
904,,You DonT Mess With The Zohan,,,,,830.0,204313400.0,100018837.0,0.49,104294563.0,0.51,2008.0
905,,The Addams Family,,,,,831.0,203783845.0,100723831.0,0.49,103060014.0,0.51,2019.0
906,,The Addams Family,,,,,890.0,191502426.0,113502426.0,0.59,78000000.0,0.41,1991.0
907,,King Arthur,,,,,832.0,203567857.0,51882244.0,0.25,151685613.0,0.75,2004.0
908,,Hairspray,,,,,833.0,203553311.0,118871849.0,0.58,84681462.0,0.42,2007.0
909,,Yogi Bear,,,,,834.0,203509374.0,100246011.0,0.49,103263363.0,0.51,2010.0
910,,Everest,,,,,835.0,203427584.0,43482270.0,0.21,159945314.0,0.79,2015.0
911,,Vanilla Sky,,,,,836.0,203388341.0,100618344.0,0.49,102769997.0,0.51,2001.0
912,,Arrival,,,,,837.0,203388186.0,100546139.0,0.49,102842047.0,0.51,2016.0
913,,Need For Speed,,,,,838.0,203277636.0,43577636.0,0.21,159700000.0,0.79,2014.0
914,,Garfield,,,,,839.0,203172417.0,75369589.0,0.37,127802828.0,0.63,2004.0
915,,Patch Adams,,,,,840.0,202292902.0,135026902.0,0.67,67266000.0,0.33,1998.0
916,,The Conjuring The Devil Made Me Do It,,,,,841.0,202031050.0,65631050.0,0.32,136400000.0,0.68,2021.0
917,,Kindergarten Cop,,,,,843.0,201957688.0,91457688.0,0.45,110500000.0,0.55,1990.0
918,,Birds Of Prey,,,,,844.0,201858461.0,84158461.0,0.42,117700000.0,0.58,2020.0
919,,Straight Outta Compton,,,,,845.0,201634991.0,161197785.0,0.8,40437206.0,0.2,2015.0
920,,21 Jump Street,,,,,846.0,201585328.0,138447667.0,0.69,63137661.0,0.31,2012.0
921,,Valkyrie,,,,,847.0,201545517.0,83077833.0,0.41,118467684.0,0.59,2008.0
922,,Open Season,,,,,848.0,200811689.0,85105259.0,0.42,115706430.0,0.58,2006.0
923,,Cats  Dogs,,,,,849.0,200687492.0,93385515.0,0.47,107301977.0,0.53,2001.0
924,,The Hunt For Red October,,,,,850.0,200512643.0,122012643.0,0.61,78500000.0,0.39,1990.0
925,,Percy Jackson Sea Of Monsters,,,,,851.0,199850315.0,68559554.0,0.34,131290761.0,0.66,2013.0
926,,Two Weeks Notice,,,,,852.0,199043471.0,93354851.0,0.47,105688620.0,0.53,2002.0
927,,Red,,,,,853.0,199006387.0,90380162.0,0.45,108626225.0,0.55,2010.0
928,,Shock Wave 2,,,,,854.0,198921659.0,0.0,0.0,198921659.0,1.0,2020.0
929,,City Of Angels,,,,,855.0,198685114.0,78685114.0,0.4,120000000.0,0.6,1998.0
930,,The Pacifier,,,,,856.0,198636868.0,113086868.0,0.57,85550000.0,0.43,2005.0
931,,50 First Dates,,,,,857.0,198520934.0,120908074.0,0.61,77612860.0,0.39,2004.0
932,,The Island,,,,,859.0,198326350.0,670883.0,0.0,197655467.0,1.0,2018.0
933,,The Impossible,,,,,860.0,198087212.0,19019882.0,0.1,179067330.0,0.9,2012.0
934,,Lost In Thailand,,,,,861.0,197757387.0,57387.0,0.0,197700000.0,1.0,2012.0
935,,Christopher Robin,,,,,862.0,197744377.0,99215042.0,0.5,98529335.0,0.5,2018.0
936,,Jack The Giant Slayer,,,,,863.0,197687603.0,65187603.0,0.33,132500000.0,0.67,2013.0
937,,Smurfs The Lost Village,,,,,864.0,197183546.0,45020282.0,0.23,152163264.0,0.77,2017.0
938,,Chinese Doctors,,,,,865.0,197143218.0,0.0,0.0,197143218.0,1.0,2021.0
939,,Ghostbusters Afterlife,,,,,866.0,197126645.0,129126645.0,0.66,68000000.0,0.34,2021.0
940,,Spy Kids 3 Game Over,,,,,867.0,197101678.0,111761982.0,0.57,85339696.0,0.43,2003.0
941,,Panic Room,,,,,868.0,197079546.0,96397334.0,0.49,100682212.0,0.51,2002.0
942,,The Other Woman,,,,,869.0,196710396.0,83911193.0,0.43,112799203.0,0.57,2014.0
943,,Stargate,,,,,870.0,196567262.0,71567262.0,0.36,125000000.0,0.64,1994.0
944,,Beowulf,,,,,871.0,196393745.0,82280579.0,0.42,114113166.0,0.58,2007.0
945,,The Vow,,,,,872.0,196114570.0,125014030.0,0.64,71100540.0,0.36,2012.0
946,,Anger Management,,,,,873.0,195745823.0,135645823.0,0.69,60100000.0,0.31,2003.0
947,,Tropic Thunder,,,,,874.0,195702963.0,110515313.0,0.56,85187650.0,0.44,2008.0
948,,The Shape Of Water,,,,,875.0,195333312.0,63859435.0,0.33,131473877.0,0.67,2017.0
949,,Rocketman,,,,,876.0,195320400.0,96368160.0,0.49,98952240.0,0.51,2019.0
950,,The Pelican Brief,,,,,877.0,195268056.0,100768056.0,0.52,94500000.0,0.48,1993.0
951,,The Bfg,,,,,878.0,195243411.0,55483770.0,0.28,139759641.0,0.72,2016.0
952,,The Intern,,,,,879.0,194564672.0,75764672.0,0.39,118800000.0,0.61,2015.0
953,,Wallace  Gromit The Curse Of The Were0Rabbit,,,,,880.0,194137091.0,56110897.0,0.29,138026194.0,0.71,2005.0
954,,Gnomeo  Juliet,,,,,881.0,193967670.0,99967670.0,0.52,94000000.0,0.48,2011.0
955,,Weathering With You,,,,,882.0,193932489.0,8056636.0,0.04,185875853.0,0.96,2019.0
956,,The Sum Of All Fears,,,,,883.0,193921372.0,118907036.0,0.61,75014336.0,0.39,2002.0
957,,Gangs Of New York,,,,,884.0,193772504.0,77812000.0,0.4,115960504.0,0.6,2002.0
958,,The Monkey King 2,,,,,885.0,193678298.0,709982.0,0.0,192968316.0,1.0,2016.0
959,,Paranormal Activity,,,,,886.0,193355800.0,107918810.0,0.56,85436990.0,0.44,2009.0
960,,The Equalizer,,,,,887.0,192330738.0,101530738.0,0.53,90800000.0,0.47,2014.0
961,,The Lego Movie 2 The Second Part,,,,,888.0,192306508.0,105806508.0,0.55,86500000.0,0.45,2019.0
962,,Sheep Without A Shepherd,,,,,889.0,191602146.0,0.0,0.0,191602146.0,1.0,2019.0
963,,The Longest Yard,,,,,891.0,191466556.0,158119460.0,0.83,33347096.0,0.17,2005.0
964,,The Santa Clause,,,,,892.0,190539357.0,145539357.0,0.76,45000000.0,0.24,1994.0
965,,Cheaper By The Dozen,,,,,893.0,190538630.0,138614544.0,0.73,51924086.0,0.27,2003.0
966,,The Equalizer 2,,,,,894.0,190400157.0,102084362.0,0.54,88315795.0,0.46,2018.0
967,,Hollow Man,,,,,895.0,190213455.0,73209340.0,0.38,117004115.0,0.62,2000.0
968,,Outbreak,,,,,896.0,189859560.0,67659560.0,0.36,122200000.0,0.64,1995.0
969,,The White Storm 2 Drug Lords,,,,,897.0,189396380.0,609461.0,0.0,188786919.0,1.0,2019.0
970,,The X Files,,,,,898.0,189176423.0,83898313.0,0.44,105278110.0,0.56,1998.0
971,,Breakup Buddies,,,,,899.0,189017596.0,777896.0,0.0,188239700.0,1.0,2014.0
972,,Rambo Iii,,,,,900.0,189015611.0,53715611.0,0.28,135300000.0,0.72,1988.0
973,,The Secret Life Of Walter Mitty,,,,,901.0,188133322.0,58236838.0,0.31,129896484.0,0.69,2013.0
974,,Project Gutenberg,,,,,902.0,188116796.0,0.0,0.0,188116796.0,1.0,2018.0
975,,Jaws 2,,,,,903.0,187884007.0,81766007.0,0.44,106118000.0,0.56,1978.0
976,,12 Years A Slave,,,,,904.0,187733202.0,56671993.0,0.3,131061209.0,0.7,2013.0
977,,Heat,,,,,905.0,187436818.0,67436818.0,0.36,120000000.0,0.64,1995.0
978,,Mr PopperS Penguins,,,,,906.0,187361754.0,68224452.0,0.36,119137302.0,0.64,2011.0
979,,The Grudge,,,,,907.0,187281115.0,110359362.0,0.59,76921753.0,0.41,2004.0
980,,I Now Pronounce You Chuck  Larry,,,,,908.0,187134117.0,120059556.0,0.64,67074561.0,0.36,2007.0
981,,The Horse Whisperer,,,,,909.0,186883563.0,75383563.0,0.4,111500000.0,0.6,1998.0
982,,Walk The Line,,,,,910.0,186797986.0,119519402.0,0.64,67278584.0,0.36,2005.0
983,,Jian Bing Man,,,,,911.0,186699768.0,0.0,0.0,186699768.0,1.0,2015.0
984,,The Jungle Book 2,,,,,912.0,186303759.0,47901582.0,0.26,138402177.0,0.74,2003.0
985,,The Final Destination,,,,,913.0,186167139.0,66477700.0,0.36,119689439.0,0.64,2009.0
986,,Atlantis The Lost Empire,,,,,914.0,186053725.0,84056472.0,0.45,101997253.0,0.55,2001.0
987,,Inside Man,,,,,915.0,186003591.0,88513495.0,0.48,97490096.0,0.52,2006.0
988,,The Waterboy,,,,,916.0,185991646.0,161491646.0,0.87,24500000.0,0.13,1998.0
989,,Hugo,,,,,917.0,185770310.0,73864507.0,0.4,111905803.0,0.6,2011.0
990,,Pitch Perfect 3,,,,,918.0,185400345.0,104897530.0,0.57,80502815.0,0.43,2017.0
991,,Watchmen,,,,,919.0,185382813.0,107509799.0,0.58,77873014.0,0.42,2009.0
992,,The Birdcage,,,,,920.0,185260553.0,124060553.0,0.67,61200000.0,0.33,1996.0
993,,Moulin Rouge,,,,,921.0,184935320.0,57386607.0,0.31,127548713.0,0.69,2001.0
994,,Hop,,,,,923.0,183954145.0,108085305.0,0.59,75868840.0,0.41,2011.0
995,,Bad Moms,,,,,924.0,183936074.0,113257297.0,0.62,70678777.0,0.38,2016.0
996,,Jupiter Ascending,,,,,925.0,183887723.0,47387723.0,0.26,136500000.0,0.74,2015.0
997,,Knowing,,,,,926.0,183658498.0,79957634.0,0.44,103700864.0,0.56,2007.0
998,,102 Dalmatians,,,,,927.0,183611771.0,66957026.0,0.36,116654745.0,0.64,2000.0
999,,Stand By Me Doraemon,,,,,928.0,183442714.0,0.0,0.0,183442714.0,1.0,2014.0
1000,,Storks,,,,,929.0,183388953.0,72679278.0,0.4,110709675.0,0.6,2016.0
1001,,Paul Blart Mall Cop,,,,,930.0,183348429.0,146336178.0,0.8,37012251.0,0.2,2009.0
1002,,WayneS World,,,,,931.0,183097323.0,121697323.0,0.66,61400000.0,0.34,1992.0
1003,,Maverick,,,,,932.0,183031272.0,101631272.0,0.56,81400000.0,0.44,1994.0
1004,,Mirror Mirror,,,,,933.0,183018522.0,64935167.0,0.35,118083355.0,0.65,2012.0
1005,,The Man In The Iron Mask,,,,,934.0,182968902.0,56968902.0,0.31,126000000.0,0.69,1998.0
1006,,Cape Fear,,,,,935.0,182291969.0,79091969.0,0.43,103200000.0,0.57,1991.0
1007,,The Haunted Mansion,,,,,936.0,182290266.0,75847266.0,0.42,106443000.0,0.58,2003.0
1008,,The Monkey King Havoc In Heavens Palace,,,,,937.0,182206924.0,0.0,0.0,182206924.0,1.0,2014.0
1009,,While You Were Sleeping,,,,,938.0,182057016.0,81057016.0,0.45,101000000.0,0.55,1995.0
1010,,The Bridges Of Madison County,,,,,939.0,182016617.0,71516617.0,0.39,110500000.0,0.61,1995.0
1011,,From Vegas To Macau Iii,,,,,940.0,181732879.0,0.0,0.0,181732879.0,1.0,2016.0
1012,,Poseidon,,,,,941.0,181674817.0,60674817.0,0.33,121000000.0,0.67,2006.0
1013,,The First Wives Club,,,,,942.0,181489203.0,105489203.0,0.58,76000000.0,0.42,1996.0
1014,,Cliff Walkers,,,,,943.0,181325565.0,152972.0,0.0,181172593.0,1.0,2021.0
1015,,Scooby0Doo 2 Monsters Unleashed,,,,,944.0,181216833.0,84216833.0,0.46,97000000.0,0.54,2004.0
1016,,Hot Shots,,,,,945.0,181096164.0,69467617.0,0.38,111628547.0,0.62,1991.0
1017,,Road To Perdition,,,,,946.0,181001478.0,104454762.0,0.58,76546716.0,0.42,2002.0
1018,,Kill Bill Vol 1,,,,,947.0,180906076.0,70099045.0,0.39,110807031.0,0.61,2003.0
1019,,The Scorpion King,,,,,948.0,180630907.0,91047077.0,0.5,89583830.0,0.5,2002.0
1020,,Sweet Home Alabama,,,,,949.0,180622424.0,127223418.0,0.7,53399006.0,0.3,2002.0
1021,,DaddyS Home 2,,,,,950.0,180613824.0,104029443.0,0.58,76584381.0,0.42,2017.0
1022,,Hacksaw Ridge,,,,,951.0,180563636.0,67209615.0,0.37,113354021.0,0.63,2016.0
1023,,Deja Vu,,,,,952.0,180557550.0,64038616.0,0.35,116518934.0,0.65,2006.0
1024,,The Post,,,,,953.0,180419276.0,81903458.0,0.45,98515818.0,0.55,2017.0
1025,,Abominable,,,,,954.0,180289970.0,60826390.0,0.34,119463580.0,0.66,2019.0
1026,,Dangerous Minds,,,,,955.0,179519401.0,84919401.0,0.47,94600000.0,0.53,1995.0
1027,,The Dictator,,,,,956.0,179379533.0,59650222.0,0.33,119729311.0,0.67,2012.0
1028,,The League Of Extraordinary Gentlemen,,,,,957.0,179265204.0,66465204.0,0.37,112800000.0,0.63,2003.0
1029,,Allegiant,,,,,958.0,179246868.0,66184051.0,0.37,113062817.0,0.63,2016.0
1030,,Daredevil,,,,,959.0,179179718.0,102543518.0,0.57,76636200.0,0.43,2003.0
1031,,City Slickers,,,,,960.0,179033791.0,124033791.0,0.69,55000000.0,0.31,1991.0
1032,,HeS Just Not That Into You,,,,,961.0,178866158.0,93953653.0,0.53,84912505.0,0.47,2009.0
1033,,Eagle Eye,,,,,962.0,178767383.0,101440743.0,0.57,77326640.0,0.43,2008.0
1034,,Along Came Polly,,,,,963.0,178311729.0,88097164.0,0.49,90214565.0,0.51,2004.0
1035,,Flushed Away,,,,,964.0,178281554.0,64665672.0,0.36,113615882.0,0.64,2006.0
1036,,Scary Movie 4,,,,,965.0,178262620.0,90710620.0,0.51,87552000.0,0.49,2006.0
1037,,DanteS Peak,,,,,966.0,178127760.0,67127760.0,0.38,111000000.0,0.62,1997.0
1038,,Brokeback Mountain,,,,,967.0,178062759.0,83043761.0,0.47,95018998.0,0.53,2005.0
1039,,Patriot Games,,,,,968.0,178051587.0,83351587.0,0.47,94700000.0,0.53,1992.0
1040,,Flubber,,,,,969.0,177977226.0,92977226.0,0.52,85000000.0,0.48,1997.0
1041,,Baywatch,,,,,970.0,177856751.0,58060186.0,0.33,119796565.0,0.67,2017.0
1042,,Double Jeopardy,,,,,971.0,177841558.0,116741558.0,0.66,61100000.0,0.34,1999.0
1043,,War Horse,,,,,972.0,177584879.0,79884879.0,0.45,97700000.0,0.55,2011.0
1044,,Paranormal Activity 2,,,,,973.0,177512032.0,84752907.0,0.48,92759125.0,0.52,2010.0
1045,,How To Lose A Guy In 10 Days,,,,,974.0,177502387.0,105813373.0,0.6,71689014.0,0.4,2003.0
1046,,Alien Vs Predator,,,,,975.0,177427090.0,80282231.0,0.45,97144859.0,0.55,2004.0
1047,,Hero,,,,,976.0,177395557.0,53710019.0,0.3,123685538.0,0.7,2002.0
1048,,The 400Year0Old Virgin,,,,,977.0,177378645.0,109449237.0,0.62,67929408.0,0.38,2005.0
1049,,Lee Daniels The Butler,,,,,978.0,177313795.0,116632095.0,0.66,60681700.0,0.34,2013.0
1050,,The Haunting,,,,,979.0,177311151.0,91411151.0,0.52,85900000.0,0.48,1999.0
1051,,The Descendants,,,,,980.0,177243185.0,82584160.0,0.47,94659025.0,0.53,2011.0
1052,,The A0Team,,,,,981.0,177238796.0,77222099.0,0.44,100016697.0,0.56,2010.0
1053,,In The Line Of Fire,,,,,983.0,176997168.0,102314823.0,0.58,74682345.0,0.42,1993.0
1054,,Analyze This,,,,,984.0,176885658.0,106885658.0,0.6,70000000.0,0.4,1999.0
1055,,The HitmanS Bodyguard,,,,,985.0,176600207.0,75468583.0,0.43,101131624.0,0.57,2017.0
1056,,Looper,,,,,986.0,176506819.0,66486205.0,0.38,110020614.0,0.62,2012.0
1057,,Serial Bad Weddings,,,,,987.0,176404493.0,0.0,0.0,176404493.0,1.0,2014.0
1058,,Ip Man 4 The Finale,,,,,988.0,176345966.0,3956031.0,0.02,172389935.0,0.98,2019.0
1059,,Dr Dolittle 2,,,,,989.0,176104344.0,112952899.0,0.64,63151445.0,0.36,2001.0
1060,,The Italian Job,,,,,990.0,176070171.0,106128601.0,0.6,69941570.0,0.4,2003.0
1061,,The Bucket List,,,,,991.0,175372502.0,93466502.0,0.53,81906000.0,0.47,2007.0
1062,,Sleeping With The Enemy,,,,,992.0,174999005.0,101599005.0,0.58,73400000.0,0.42,1991.0
1063,,Cowboys  Aliens,,,,,993.0,174822325.0,100240551.0,0.57,74581774.0,0.43,2011.0
1064,,The Mule,,,,,994.0,174804407.0,103804407.0,0.59,71000000.0,0.41,2018.0
1065,,George Of The Jungle,,,,,995.0,174463257.0,105263257.0,0.6,69200000.0,0.4,1997.0
1066,,Evan Almighty,,,,,996.0,174440724.0,100462298.0,0.58,73978426.0,0.42,2007.0
1067,,Amélie,,,,,997.0,174118254.0,33225499.0,0.19,140892755.0,0.81,2001.0
1068,,Identity Thief,,,,,998.0,173965010.0,134506920.0,0.77,39458090.0,0.23,2013.0
1069,,The Nutcracker And The Four Realms,,,,,999.0,173961069.0,54858851.0,0.32,119102218.0,0.68,2018.0
1070,,Big MommaS House,,,,,1000.0,173959438.0,117559438.0,0.68,56400000.0,0.32,2000.0
